Div,Date,HomeTeam,AwayTeam,FTHG,FTAG,FTR,HTHG,HTAG,HTR,PSH,PSD,PSA,HTCS,CS,HS,HST,AS,AST,HY,AY,HR,AR,HCO,ACO,HF,AF
E0,16/08/2024,Man United,Fulham,1,0,H,0,0,D,1.63,4.38,5.3,0-0,1-0,14,5,10,2,2,3,0,0,7,8,12,10
E0,17/08/2024,Ipswich,Liverpool,0,2,A,0,0,D,8.18,5.84,1.34,0-0,0-2,7,2,18,5,3,1,0,0,2,10,9,18
E0,17/08/2024,Arsenal,Wolves,2,0,H,1,0,H,1.16,8.56,16.22,1-0,2-0,18,6,9,3,2,2,0,0,8,2,17,14
E0,17/08/2024,Everton,Brighton,0,3,A,0,1,A,2.73,3.36,2.71,0-1,0-3,9,1,10,5,1,1,1,0,1,5,8,8
E0,17/08/2024,Newcastle,Southampton,1,0,H,1,0,H,1.35,5.7,8.25,1-0,1-0,3,1,19,4,2,4,1,0,3,12,15,16
E0,17/08/2024,Nottm Forest,Bournemouth,1,1,D,1,0,H,2.47,3.42,2.97,1-0,1-1,14,8,13,4,1,3,0,0,2,6,17,8
E0,17/08/2024,West Ham,Aston Villa,1,2,A,1,1,D,2.49,3.65,2.8,1-1,1-2,14,3,15,3,1,2,0,0,5,3,18,11
E0,18/08/2024,Brentford,Crystal Palace,2,1,H,1,0,H,2.5,3.4,2.95,1-0,2-1,9,5,14,6,1,5,0,0,4,7,6,15
E0,18/08/2024,Chelsea,Man City,0,2,A,0,1,A,4.19,3.93,1.84,0-1,0-2,10,3,11,5,1,1,0,0,4,3,12,9
E0,19/08/2024,Leicester,Tottenham,1,1,D,0,1,A,5.09,4.39,1.63,0-1,1-1,7,3,15,7,1,1,0,0,2,13,11,12
E0,24/08/2024,Brighton,Man United,2,1,H,1,0,H,2.51,3.66,2.76,1-0,2-1,14,5,11,4,1,2,0,0,4,4,9,13
E0,24/08/2024,Crystal Palace,West Ham,0,2,A,0,0,D,2.17,3.68,3.33,0-0,0-2,14,2,18,3,1,1,0,0,3,3,9,17
E0,24/08/2024,Fulham,Leicester,2,1,H,1,1,D,1.84,3.67,4.56,1-1,2-1,18,6,10,4,2,2,0,0,7,5,14,13
E0,24/08/2024,Man City,Ipswich,4,1,H,3,1,H,1.08,13.21,25.71,3-1,4-1,14,5,1,1,2,3,0,0,10,1,4,15
E0,24/08/2024,Southampton,Nottm Forest,0,1,A,0,0,D,2.59,3.28,2.92,0-0,0-1,5,1,23,8,3,3,0,0,4,10,14,14
E0,24/08/2024,Tottenham,Everton,4,0,H,2,0,H,1.45,4.87,7.03,2-0,4-0,13,7,10,1,0,0,0,0,12,5,11,15
E0,24/08/2024,Aston Villa,Arsenal,0,2,A,0,0,D,4.55,3.98,1.77,0-0,0-2,11,3,9,4,1,3,0,0,4,1,8,15
E0,25/08/2024,Bournemouth,Newcastle,1,1,D,1,0,H,3.05,3.73,2.28,1-0,1-1,16,4,14,5,2,2,0,0,8,9,19,8
E0,25/08/2024,Wolves,Chelsea,2,6,A,2,2,D,4.46,4.03,1.78,2-2,2-6,12,4,14,8,2,3,0,0,5,5,13,13
E0,25/08/2024,Liverpool,Brentford,2,0,H,1,0,H,1.25,7.05,10.11,1-0,2-0,19,8,8,2,2,3,0,0,9,4,10,7
E1,09/08/2024,Blackburn,Derby,4,2,H,1,0,H,2.32,3.39,3.25,1-0,4-2,11,7,12,4,1,3,0,0,1,9,9,10
E1,09/08/2024,Preston,Sheffield United,0,2,A,0,1,A,3.25,3.44,2.3,0-1,0-2,12,2,11,3,1,0,0,0,3,6,11,14
E1,10/08/2024,Cardiff,Sunderland,0,2,A,0,1,A,2.94,3.15,2.62,0-1,0-2,12,4,11,4,0,2,0,0,4,4,10,8
E1,10/08/2024,Hull,Bristol City,1,1,D,0,0,D,2.71,3.3,2.73,0-0,1-1,11,5,15,3,0,2,0,0,2,8,10,13
E1,10/08/2024,Leeds,Portsmouth,3,3,D,1,2,A,1.38,5.14,7.88,1-2,3-3,22,10,5,4,2,4,0,0,12,0,19,21
E1,10/08/2024,Middlesbrough,Swansea,1,0,H,1,0,H,1.8,3.92,4.31,1-0,1-0,18,4,5,0,1,4,0,0,6,9,14,12
E1,10/08/2024,Millwall,Watford,2,3,A,0,1,A,2.39,3.19,3.27,0-1,2-3,16,4,10,5,2,3,0,0,5,5,11,15
E1,10/08/2024,Oxford,Norwich,2,0,H,1,0,H,3.2,3.52,2.26,1-0,2-0,12,4,10,2,1,3,0,0,5,5,4,14
E1,10/08/2024,QPR,West Brom,1,3,A,1,1,D,2.62,3.16,2.95,1-1,1-3,11,6,7,4,1,0,0,0,12,3,7,7
E1,10/08/2024,Stoke,Coventry,1,0,H,0,0,D,2.53,3.51,2.79,0-0,1-0,11,2,8,1,2,1,0,0,9,7,7,9
E1,11/08/2024,Sheffield Weds,Plymouth,4,0,H,1,0,H,1.83,3.59,4.39,1-0,4-0,31,11,5,1,1,1,0,0,15,1,15,14
E1,12/08/2024,Luton,Burnley,1,4,A,0,2,A,2.37,3.39,3.01,0-2,1-4,10,3,11,6,2,3,0,0,5,4,11,17
E1,16/08/2024,Coventry,Oxford,3,2,H,2,1,H,1.72,4.02,4.88,2-1,3-2,26,10,7,2,0,2,0,0,14,1,9,7
E1,17/08/2024,Derby,Middlesbrough,1,0,H,1,0,H,3.5,3.51,2.08,1-0,1-0,3,2,20,4,3,1,0,0,3,8,13,5
E1,17/08/2024,Portsmouth,Luton,0,0,D,0,0,D,3.03,3.62,2.25,0-0,0-0,15,6,9,4,3,2,0,1,5,4,11,12
E1,17/08/2024,West Brom,Leeds,0,0,D,0,0,D,3.34,3.52,2.14,0-0,0-0,8,1,8,1,2,2,0,0,5,4,14,11
E1,17/08/2024,Bristol City,Millwall,4,3,H,2,0,H,2.02,3.27,3.98,2-0,4-3,11,6,15,4,1,2,0,0,5,4,11,12
E1,17/08/2024,Burnley,Cardiff,5,0,H,2,0,H,1.46,4.53,6.66,2-0,5-0,9,4,11,4,2,1,0,0,2,5,19,6
E1,17/08/2024,Norwich,Blackburn,2,2,D,0,1,A,2.07,3.59,3.45,0-1,2-2,14,4,7,3,2,3,0,0,6,5,12,12
E1,17/08/2024,Plymouth,Hull,1,1,D,0,0,D,2.82,3.64,2.37,0-0,1-1,16,7,14,2,3,1,0,0,6,3,13,16
E1,17/08/2024,Sheffield United,QPR,2,2,D,2,0,H,1.77,3.78,4.46,2-0,2-2,14,3,14,3,2,2,0,1,4,9,15,9
E1,17/08/2024,Swansea,Preston,3,0,H,1,0,H,1.98,3.4,3.95,1-0,3-0,12,6,5,2,1,3,0,0,5,3,11,21
E1,17/08/2024,Watford,Stoke,3,0,H,0,0,D,2.7,3.21,2.72,0-0,3-0,24,8,7,3,2,2,0,0,2,4,12,15
E1,18/08/2024,Sunderland,Sheffield Weds,4,0,H,3,0,H,2.12,3.55,3.35,3-0,4-0,15,6,9,3,0,3,0,0,5,8,9,10
E1,23/08/2024,Sheffield Weds,Leeds,0,2,A,0,1,A,4.16,3.57,1.94,0-1,0-2,8,2,13,5,2,3,0,0,3,2,14,10
E1,24/08/2024,Bristol City,Coventry,1,1,D,1,0,H,2.54,3.38,2.87,1-0,1-1,12,7,8,1,2,4,0,0,8,2,8,16
E1,24/08/2024,Hull,Millwall,0,0,D,0,0,D,2.2,3.4,3.44,0-0,0-0,14,4,13,5,2,2,0,0,5,7,11,15
E1,24/08/2024,QPR,Plymouth,1,1,D,1,1,D,1.75,3.85,4.78,1-1,1-1,30,10,6,1,2,3,0,2,11,1,10,14
E1,24/08/2024,Blackburn,Oxford,2,1,H,1,1,D,1.8,3.81,4.24,1-1,2-1,18,4,13,3,2,1,0,0,7,5,14,8
E1,24/08/2024,Middlesbrough,Portsmouth,2,2,D,1,2,A,1.45,4.45,6.91,1-2,2-2,29,7,7,3,0,5,0,0,15,2,10,15
E1,24/08/2024,Norwich,Sheffield United,1,1,D,1,1,D,2.78,3.54,2.46,1-1,1-1,7,5,12,4,5,2,0,0,1,5,14,7
E1,24/08/2024,Preston,Luton,1,0,H,1,0,H,3.16,3.55,2.21,1-0,1-0,6,2,17,4,6,1,0,0,2,13,16,10
E1,24/08/2024,Stoke,West Brom,1,2,A,1,2,A,2.63,3.17,2.83,1-2,1-2,7,2,8,5,2,3,0,0,2,5,12,11
E1,24/08/2024,Sunderland,Burnley,1,0,H,1,0,H,3.06,3.43,2.32,1-0,1-0,14,3,4,1,2,3,1,0,3,1,13,19
E1,24/08/2024,Watford,Derby,2,1,H,1,1,D,1.87,3.7,4.06,1-1,2-1,12,3,8,3,2,3,0,0,4,2,10,11
E1,25/08/2024,Swansea,Cardiff,1,1,D,1,0,H,1.99,3.6,3.69,1-0,1-1,9,4,7,3,2,2,0,0,2,5,14,14
E2,09/08/2024,Barnsley,Mansfield,1,2,A,1,2,A,2.09,3.62,3.5,1-2,1-2,20,4,8,4,1,3,0,0,3,6,14,16
E2,10/08/2024,Birmingham,Reading,1,1,D,0,1,A,1.53,4.25,5.69,0-1,1-1,13,5,8,4,0,1,0,0,3,6,11,18
E2,10/08/2024,Bristol Rvs,Northampton,1,0,H,0,0,D,1.9,3.5,4.08,0-0,1-0,12,5,6,1,1,2,0,0,6,6,11,13
E2,10/08/2024,Burton,Lincoln,2,3,A,2,2,D,3.13,3.27,2.33,2-2,2-3,11,5,7,3,1,2,0,0,4,4,12,11
E2,10/08/2024,Crawley Town,Blackpool,2,1,H,2,0,H,3.71,3.46,2.01,2-0,2-1,11,4,19,5,4,2,0,0,2,10,15,9
E2,10/08/2024,Exeter,Rotherham,1,0,H,0,0,D,3.11,3.42,2.27,0-0,1-0,15,7,13,2,2,1,0,0,2,4,11,11
E2,10/08/2024,Leyton Orient,Bolton,1,2,A,1,1,D,3.5,3.51,2.06,1-1,1-2,11,5,8,3,4,0,0,0,7,2,18,11
E2,10/08/2024,Peterboro,Huddersfield,0,2,A,0,2,A,2.15,3.66,3.16,0-2,0-2,8,2,17,5,1,1,0,0,3,10,7,17
E2,10/08/2024,Stevenage,Shrewsbury,1,0,H,0,0,D,1.8,3.47,4.65,0-0,1-0,13,4,4,1,1,4,0,0,4,1,15,17
E2,10/08/2024,Stockport,Cambridge,2,0,H,1,0,H,1.64,3.95,5.07,1-0,2-0,20,6,11,2,4,2,0,0,5,3,15,15
E2,10/08/2024,Wigan,Charlton,0,1,A,0,0,D,2.61,3.31,2.71,0-0,0-1,13,1,4,3,1,1,0,0,7,6,7,19
E2,10/08/2024,Wrexham,Wycombe,3,2,H,2,0,H,2.02,3.6,3.51,2-0,3-2,14,6,16,3,3,1,0,0,5,7,13,7
E2,17/08/2024,Charlton,Leyton Orient,1,0,H,0,0,D,2.08,3.42,3.54,0-0,1-0,10,4,8,2,1,4,0,0,9,2,10,13
E2,17/08/2024,Shrewsbury,Peterboro,1,4,A,1,1,D,3.76,3.47,1.99,1-1,1-4,10,4,18,11,3,0,0,0,3,7,15,12
E2,17/08/2024,Blackpool,Stockport,0,3,A,0,0,D,2.08,3.51,3.45,0-0,0-3,10,0,11,5,3,1,0,0,3,2,16,13
E2,17/08/2024,Cambridge,Crawley Town,0,1,A,0,0,D,2.16,3.45,3.29,0-0,0-1,14,6,11,3,4,4,0,0,2,5,12,14
E2,17/08/2024,Huddersfield,Stevenage,2,1,H,1,0,H,1.75,3.64,4.67,1-0,2-1,15,4,7,3,4,2,0,0,8,4,12,12
E2,17/08/2024,Lincoln,Barnsley,1,2,A,0,1,A,2.22,3.55,3.1,0-1,1-2,14,7,6,3,0,2,0,0,4,7,8,16
E2,17/08/2024,Mansfield,Burton,3,3,D,2,1,H,1.82,3.8,4.07,2-1,3-3,18,7,22,7,1,3,0,0,5,7,6,8
E2,17/08/2024,Northampton,Exeter,2,1,H,0,1,A,2.55,3.27,2.81,0-1,2-1,15,6,15,5,2,2,0,0,3,8,10,14
E2,17/08/2024,Reading,Wigan,2,0,H,1,0,H,2.15,3.55,3.24,1-0,2-0,22,8,6,2,0,3,0,0,6,5,11,14
E2,17/08/2024,Rotherham,Bristol Rvs,0,0,D,0,0,D,2.02,3.55,3.58,0-0,0-0,20,5,5,1,3,2,0,0,5,0,8,20
E2,17/08/2024,Wycombe,Birmingham,2,3,A,1,1,D,3.64,3.5,2.01,1-1,2-3,8,2,13,7,3,2,0,0,1,9,13,13
E2,18/08/2024,Bolton,Wrexham,0,0,D,0,0,D,1.83,3.81,4.04,0-0,0-0,11,8,7,2,2,1,0,0,8,8,11,12
E2,24/08/2024,Burton,Stevenage,0,0,D,0,0,D,2.86,3.51,2.44,0-0,0-0,5,0,11,6,3,5,0,0,3,5,13,16
E2,24/08/2024,Stockport,Bristol Rvs,2,0,H,1,0,H,1.72,3.97,4.65,1-0,2-0,18,8,11,3,0,3,0,0,8,4,12,7
E2,24/08/2024,Barnsley,Northampton,2,2,D,1,0,H,1.67,4.08,4.65,1-0,2-2,15,5,12,5,2,0,0,0,2,3,15,11
E2,24/08/2024,Cambridge,Blackpool,4,4,D,1,3,A,3.89,3.41,1.97,1-3,4-4,9,6,12,7,2,4,0,0,2,10,15,11
E2,24/08/2024,Charlton,Bolton,2,0,H,1,0,H,3.05,3.27,2.37,1-0,2-0,6,4,13,3,3,3,0,0,3,3,14,9
E2,24/08/2024,Exeter,Peterboro,1,2,A,1,2,A,3.13,3.58,2.18,1-2,1-2,14,2,13,8,1,3,0,0,11,5,19,9
E2,24/08/2024,Huddersfield,Shrewsbury,1,0,H,1,0,H,1.35,4.86,8.39,1-0,1-0,12,5,9,3,1,0,0,0,5,2,12,11
E2,24/08/2024,Leyton Orient,Birmingham,1,2,A,1,2,A,4.08,3.61,1.86,1-2,1-2,11,3,11,3,2,2,0,0,6,5,18,7
E2,24/08/2024,Lincoln,Mansfield,4,1,H,2,0,H,2.32,3.59,2.9,2-0,4-1,16,8,10,3,3,3,0,0,8,3,10,12
E2,24/08/2024,Wigan,Crawley Town,1,0,H,1,0,H,1.83,3.71,4.15,1-0,1-0,2,1,14,3,2,2,0,0,4,9,14,7
E2,24/08/2024,Wrexham,Reading,3,0,H,2,0,H,2.09,3.7,3.25,2-0,3-0,12,7,14,1,0,2,0,0,2,3,16,8
E2,24/08/2024,Wycombe,Rotherham,2,0,H,0,0,D,2.5,3.24,2.89,0-0,2-0,11,6,19,8,1,2,0,0,4,8,10,7
E3,09/08/2024,Chesterfield,Swindon,1,1,D,1,0,H,1.69,4.34,4.54,1-0,1-1,13,4,6,1,0,5,0,0,5,0,8,13
E3,10/08/2024,AFC Wimbledon,Colchester,4,2,H,3,2,H,1.89,3.56,4.03,3-2,4-2,14,6,7,3,5,1,0,0,5,2,16,6
E3,10/08/2024,Barrow,Crewe,1,0,H,1,0,H,1.92,3.51,3.96,1-0,1-0,10,4,4,0,3,2,0,0,3,4,13,12
E3,10/08/2024,Cheltenham,Newport County,3,2,H,2,2,D,1.78,3.73,4.36,2-2,3-2,16,5,11,6,1,3,0,0,4,6,13,8
E3,10/08/2024,Doncaster,Accrington,4,1,H,1,0,H,1.52,4.33,5.71,1-0,4-1,13,4,3,2,0,2,0,0,6,1,5,17
E3,10/08/2024,Fleetwood Town,Grimsby,1,0,H,1,0,H,1.98,3.56,3.68,1-0,1-0,9,4,5,0,0,3,0,0,10,3,11,10
E3,10/08/2024,Gillingham,Carlisle,4,1,H,1,0,H,1.94,3.59,3.77,1-0,4-1,14,8,18,5,3,0,0,0,6,7,16,9
E3,10/08/2024,Harrogate,Bromley,0,2,A,0,0,D,2.32,3.57,2.9,0-0,0-2,10,2,13,5,1,4,0,0,5,7,8,14
E3,10/08/2024,Milton Keynes Dons,Bradford,1,2,A,1,2,A,2.09,3.6,3.33,1-2,1-2,14,5,7,2,1,0,0,0,4,2,11,13
E3,10/08/2024,Salford,Port Vale,0,2,A,0,1,A,2.29,3.54,2.97,0-1,0-2,8,2,7,4,2,2,0,0,3,7,7,17
E3,10/08/2024,Tranmere,Notts County,0,0,D,0,0,D,2.41,3.69,2.7,0-0,0-0,8,2,11,1,1,1,0,0,5,8,13,5
E3,10/08/2024,Walsall,Morecambe,1,0,H,1,0,H,1.63,4.06,4.98,1-0,1-0,8,3,4,0,2,0,0,0,8,0,15,8
E3,17/08/2024,Bromley,AFC Wimbledon,2,0,H,1,0,H,2.65,3.5,2.56,1-0,2-0,7,4,10,3,1,3,0,0,2,8,7,16
E3,17/08/2024,Carlisle,Barrow,1,0,H,1,0,H,2.39,3.5,2.84,1-0,1-0,13,3,8,0,5,2,0,0,8,4,11,9
E3,17/08/2024,Accrington,Harrogate,3,3,D,1,2,A,2.3,3.65,2.89,1-2,3-3,23,9,9,4,1,1,0,0,9,4,9,14
E3,17/08/2024,Bradford,Salford,0,0,D,0,0,D,1.7,3.96,4.52,0-0,0-0,14,3,6,2,2,4,0,0,5,1,10,10
E3,17/08/2024,Colchester,Milton Keynes Dons,2,0,H,0,0,D,2.94,3.64,2.27,0-0,2-0,12,8,11,3,2,3,0,0,4,4,16,11
E3,17/08/2024,Crewe,Chesterfield,0,5,A,0,4,A,2.95,3.61,2.28,0-4,0-5,13,5,20,11,0,3,0,0,5,7,6,9
E3,17/08/2024,Grimsby,Cheltenham,3,2,H,1,0,H,2.46,3.32,2.88,1-0,3-2,13,6,8,2,1,6,0,0,9,5,18,13
E3,17/08/2024,Morecambe,Gillingham,0,1,A,0,0,D,3.69,3.58,1.98,0-0,0-1,8,3,10,4,0,2,0,0,6,6,5,15
E3,17/08/2024,Newport County,Doncaster,3,1,H,0,1,A,3.89,3.96,1.82,0-1,3-1,12,5,21,8,1,2,0,0,4,6,16,21
E3,17/08/2024,Port Vale,Tranmere,0,0,D,0,0,D,1.88,3.76,3.85,0-0,0-0,8,3,7,1,2,4,0,0,2,5,10,11
E3,17/08/2024,Swindon,Walsall,0,4,A,0,2,A,2.43,3.63,2.72,0-2,0-4,7,1,18,7,2,0,0,0,2,6,9,6
E3,18/08/2024,Notts County,Fleetwood Town,2,2,D,0,1,A,2.14,3.91,3,0-1,2-2,17,8,5,4,2,4,0,0,11,2,7,14
E3,22/08/2024,Notts County,Grimsby,4,1,H,3,1,H,1.88,3.76,3.82,3-1,4-1,15,6,14,3,2,1,0,0,6,4,11,13
E3,24/08/2024,Crewe,Swindon,0,0,D,0,0,D,2.41,3.49,2.92,0-0,0-0,8,0,9,3,2,1,0,0,5,10,11,11
E3,24/08/2024,Tranmere,Walsall,1,0,H,1,0,H,2.42,3.34,3.02,1-0,1-0,5,1,13,1,2,4,0,0,3,7,15,18
E3,24/08/2024,Barrow,Port Vale,4,0,H,0,0,D,2.43,3.38,2.88,0-0,4-0,12,6,6,3,0,2,0,0,8,6,8,4
E3,24/08/2024,Bradford,Bromley,3,1,H,2,0,H,1.71,3.98,4.44,2-0,3-1,23,9,11,2,2,1,0,1,10,3,18,7
E3,24/08/2024,Cheltenham,AFC Wimbledon,0,1,A,0,0,D,2.59,3.33,2.71,0-0,0-1,5,3,9,4,1,1,0,0,3,8,7,16
E3,24/08/2024,Chesterfield,Salford,1,1,D,0,0,D,1.59,4.16,5.2,0-0,1-1,14,3,5,2,2,5,0,1,9,1,11,16
E3,24/08/2024,Colchester,Harrogate,0,1,A,0,0,D,1.91,3.63,3.87,0-0,0-1,24,7,8,3,1,3,0,0,12,4,8,13
E3,24/08/2024,Doncaster,Morecambe,1,0,H,1,0,H,1.46,4.41,6.53,1-0,1-0,14,3,7,2,1,4,0,0,6,7,13,15
E3,24/08/2024,Fleetwood Town,Gillingham,0,0,D,0,0,D,2.37,3.43,2.93,0-0,0-0,16,3,7,1,2,3,0,0,6,1,5,13
E3,24/08/2024,Milton Keynes Dons,Carlisle,3,0,H,2,0,H,1.79,3.84,4.15,2-0,3-0,15,6,9,3,3,0,0,0,4,0,10,15
E3,24/08/2024,Newport County,Accrington,3,1,H,1,1,D,2.37,3.56,2.84,1-1,3-1,6,2,18,7,2,1,0,0,2,7,9,13
EC,10/08/2024,Aldershot,Forest Green,3,3,D,2,1,H,2.4,3.43,2.81,2-1,3-3,0,0,0,0,3,2,0,0,0,0,0,0
EC,10/08/2024,Altrincham,Woking,1,0,H,1,0,H,2.31,3.48,2.9,1-0,1-0,0,0,0,0,2,1,1,1,0,0,0,0
EC,10/08/2024,Boston Utd,Rochdale,0,3,A,0,2,A,2.91,3.36,2.36,0-2,0-3,0,0,0,0,2,4,0,0,0,0,0,0
EC,10/08/2024,Dag and Red,Wealdstone,2,1,H,0,0,D,1.91,3.62,3.73,0-0,2-1,0,0,0,0,3,2,0,0,0,0,0,0
EC,10/08/2024,Fylde,Solihull,3,2,H,1,2,A,2.66,3.46,2.5,1-2,3-2,0,0,0,0,3,3,0,1,0,0,0,0
EC,10/08/2024,Gateshead,Ebbsfleet,5,1,H,3,0,H,1.88,3.78,3.66,3-0,5-1,0,0,0,0,2,5,0,0,0,0,0,0
EC,10/08/2024,Halifax,Barnet,2,1,H,0,0,D,3.2,3.49,2.14,0-0,2-1,0,0,0,0,3,2,0,0,0,0,0,0
EC,10/08/2024,Maidenhead,Eastleigh,0,2,A,0,2,A,1.93,3.75,3.52,0-2,0-2,0,0,0,0,2,4,0,0,0,0,0,0
EC,10/08/2024,Oldham,Braintree Town,3,0,H,2,0,H,1.81,3.5,4.33,2-0,3-0,0,0,0,0,0,2,0,0,0,0,0,0
EC,10/08/2024,Southend,York,1,1,D,1,0,H,1.72,3.75,4.5,1-0,1-1,0,0,0,0,1,1,0,0,0,0,0,0
EC,10/08/2024,Tamworth,Sutton,1,1,D,0,0,D,2.95,3.25,2.39,0-0,1-1,0,0,0,0,3,3,0,0,0,0,0,0
EC,10/08/2024,Yeovil,Hartlepool,0,1,A,0,0,D,2.39,3.45,2.81,0-0,0-1,0,0,0,0,2,4,0,0,0,0,0,0
EC,17/08/2024,Boston Utd,Forest Green,0,4,A,0,3,A,3.13,3.45,2.19,0-3,0-4,0,0,0,0,2,1,0,0,0,0,0,0
EC,17/08/2024,Braintree Town,Yeovil,0,1,A,0,0,D,2.73,3.12,2.64,0-0,0-1,0,0,0,0,2,2,0,0,0,0,0,0
EC,17/08/2024,Eastleigh,Fylde,4,2,H,1,2,A,2.5,3.24,2.81,1-2,4-2,0,0,0,0,3,4,1,0,0,0,0,0
EC,17/08/2024,Ebbsfleet,Barnet,1,2,A,0,1,A,3.58,3.78,1.91,0-1,1-2,0,0,0,0,5,2,0,0,0,0,0,0
EC,17/08/2024,Halifax,Aldershot,0,1,A,0,1,A,2.54,3.46,2.62,0-1,0-1,0,0,0,0,2,4,0,0,0,0,0,0
EC,17/08/2024,Hartlepool,Southend,0,0,D,0,0,D,3.22,3.48,2.13,0-0,0-0,0,0,0,0,3,3,1,0,0,0,0,0
EC,17/08/2024,Rochdale,Dag and Red,1,1,D,0,0,D,2.19,3.35,3.22,0-0,1-1,0,0,0,0,1,2,0,0,0,0,0,0
EC,17/08/2024,Solihull,Maidenhead,2,1,H,0,0,D,1.81,3.75,4.02,0-0,2-1,0,0,0,0,1,0,0,0,0,0,0,0
EC,17/08/2024,Sutton,Altrincham,5,0,H,4,0,H,2.06,3.75,3.18,4-0,5-0,0,0,0,0,2,0,0,0,0,0,0,0
EC,17/08/2024,Wealdstone,Oldham,0,1,A,0,0,D,2.63,3.27,2.64,0-0,0-1,0,0,0,0,3,2,1,0,0,0,0,0
EC,17/08/2024,Woking,Gateshead,0,2,A,0,1,A,2.88,3.58,2.28,0-1,0-2,0,0,0,0,4,1,1,0,0,0,0,0
EC,17/08/2024,York,Tamworth,2,0,H,0,0,D,1.87,3.43,4.11,0-0,2-0,0,0,0,0,2,4,0,0,0,0,0,0
EC,20/08/2024,Barnet,Forest Green,1,0,H,0,0,D,1.81,3.91,4.08,0-0,1-0,0,0,0,0,0,1,0,1,0,0,0,0
EC,20/08/2024,Braintree Town,Aldershot,2,1,H,0,1,A,3.13,3.41,2.28,0-1,2-1,0,0,0,0,3,3,0,0,0,0,0,0
EC,20/08/2024,Eastleigh,Solihull,2,1,H,2,0,H,2.67,3.89,2.39,2-0,2-1,0,0,0,0,6,2,0,0,0,0,0,0
EC,20/08/2024,Halifax,Gateshead,1,1,D,0,0,D,3.22,3.6,2.16,0-0,1-1,0,0,0,0,1,2,0,0,0,0,0,0
EC,20/08/2024,Maidenhead,Altrincham,0,1,A,0,1,A,2.58,3.42,2.7,0-1,0-1,0,0,0,0,3,1,0,0,0,0,0,0
EC,20/08/2024,Oldham,Fylde,1,1,D,0,1,A,1.93,3.59,3.95,0-1,1-1,0,0,0,0,3,1,0,0,0,0,0,0
EC,20/08/2024,Southend,Boston Utd,2,0,H,1,0,H,1.52,4.05,6.55,1-0,2-0,0,0,0,0,1,1,0,0,0,0,0,0
EC,20/08/2024,Tamworth,Hartlepool,0,1,A,0,0,D,2.81,3.28,2.57,0-0,0-1,0,0,0,0,2,3,0,0,0,0,0,0
EC,20/08/2024,Wealdstone,Sutton,0,1,A,0,1,A,3.09,3.46,2.29,0-1,0-1,0,0,0,0,2,3,0,0,0,0,0,0
EC,20/08/2024,Woking,Dag and Red,1,0,H,0,0,D,2.54,3.3,2.83,0-0,1-0,0,0,0,0,0,2,0,0,0,0,0,0
EC,20/08/2024,Yeovil,Ebbsfleet,3,2,H,2,0,H,1.74,3.77,4.69,2-0,3-2,0,0,0,0,1,2,0,0,0,0,0,0
EC,20/08/2024,York,Rochdale,1,0,H,1,0,H,2.52,3.29,2.87,1-0,1-0,0,0,0,0,6,1,0,0,0,0,0,0
EC,23/08/2024,Dag and Red,Halifax,1,1,D,1,0,H,2.19,3.44,3.29,1-0,1-1,0,0,0,0,2,1,0,0,0,0,0,0
EC,24/08/2024,Gateshead,Yeovil,3,1,H,2,1,H,1.76,3.8,4.42,2-1,3-1,0,0,0,0,2,1,0,0,0,0,0,0
EC,24/08/2024,Aldershot,Oldham,4,1,H,1,0,H,2.28,3.56,2.88,1-0,4-1,0,0,0,0,1,2,0,0,0,0,0,0
EC,24/08/2024,Altrincham,Eastleigh,0,1,A,0,0,D,1.95,3.9,3.34,0-0,0-1,0,0,0,0,3,1,0,0,0,0,0,0
EC,24/08/2024,Barnet,Southend,2,1,H,1,0,H,1.94,3.56,3.65,1-0,2-1,0,0,0,0,1,3,0,0,0,0,0,0
EC,24/08/2024,Boston Utd,Tamworth,1,1,D,1,0,H,2.91,2.99,2.58,1-0,1-1,0,0,0,0,5,4,0,0,0,0,0,0
EC,24/08/2024,Ebbsfleet,Woking,0,3,A,0,1,A,2.48,3.45,2.68,0-1,0-3,0,0,0,0,1,4,0,0,0,0,0,0
EC,24/08/2024,Fylde,Maidenhead,0,0,D,0,0,D,2.24,3.58,2.94,0-0,0-0,0,0,0,0,3,1,0,0,0,0,0,0
EC,24/08/2024,Hartlepool,Wealdstone,1,1,D,0,1,A,1.85,3.71,3.87,0-1,1-1,0,0,0,0,1,3,0,0,0,0,0,0
EC,24/08/2024,Rochdale,Forest Green,0,0,D,0,0,D,2.21,3.53,3.03,0-0,0-0,0,0,0,0,0,1,0,0,0,0,0,0
EC,24/08/2024,Solihull,Braintree Town,1,1,D,0,1,A,1.63,3.59,5.56,0-1,1-1,0,0,0,0,4,2,0,0,0,0,0,0
EC,24/08/2024,Sutton,York,2,2,D,0,0,D,2.16,3.38,3.26,0-0,2-2,0,0,0,0,0,2,0,0,0,0,0,0
EC,26/08/2024,Braintree Town,Ebbsfleet,0,0,D,0,0,D,2.24,3.65,3.04,0-0,0-0,0,0,0,0,2,1,0,0,0,0,0,0
EC,26/08/2024,Eastleigh,Sutton,1,1,D,1,1,D,2.64,3.37,2.67,1-1,1-1,0,0,0,0,3,4,0,0,0,0,0,0
EC,26/08/2024,Forest Green,Altrincham,2,1,H,1,0,H,2.08,3.65,3.39,1-0,2-1,0,0,0,0,1,5,0,0,0,0,0,0
EC,26/08/2024,Halifax,Solihull,0,1,A,0,1,A,2.43,3.33,2.96,0-1,0-1,0,0,0,0,2,4,0,1,0,0,0,0
EC,26/08/2024,Maidenhead,Barnet,3,1,H,2,1,H,3.74,4.05,1.86,2-1,3-1,0,0,0,0,1,3,0,0,0,0,0,0
EC,26/08/2024,Oldham,Gateshead,1,1,D,0,1,A,2.89,3.62,2.34,0-1,1-1,0,0,0,0,1,3,0,0,0,0,0,0
EC,26/08/2024,Southend,Dag and Red,2,2,D,1,1,D,1.82,3.51,4.55,1-1,2-2,0,0,0,0,1,3,0,0,0,0,0,0
EC,26/08/2024,Tamworth,Aldershot,3,2,H,1,1,D,2.79,3.48,2.47,1-1,3-2,0,0,0,0,5,3,0,0,0,0,0,0
EC,26/08/2024,Wealdstone,Fylde,1,0,H,1,0,H,1.95,3.91,3.52,1-0,1-0,0,0,0,0,1,2,0,0,0,0,0,0
EC,26/08/2024,Woking,Hartlepool,3,2,H,0,2,A,2.5,3.32,2.88,0-2,3-2,0,0,0,0,4,3,0,1,0,0,0,0
EC,26/08/2024,Yeovil,Rochdale,0,1,A,0,0,D,2.35,3.3,3.12,0-0,0-1,0,0,0,0,1,4,0,0,0,0,0,0
EC,26/08/2024,York,Boston Utd,0,2,A,0,0,D,1.54,4.11,6.08,0-0,0-2,0,0,0,0,1,2,0,0,0,0,0,0
SP1,15/08/2024,Ath Bilbao,Getafe,1,1,D,1,0,H,1.48,4.12,8.24,1-0,1-1,7,4,9,2,4,1,0,0,5,6,15,12
SP1,15/08/2024,Betis,Girona,1,1,D,1,0,H,2.41,3.42,3.07,1-0,1-1,19,4,13,2,2,0,0,0,4,4,11,7
SP1,16/08/2024,Celta,Alaves,2,1,H,0,1,A,2.05,3.37,4.12,0-1,2-1,6,4,10,2,3,2,0,0,3,3,8,23
SP1,16/08/2024,Las Palmas,Sevilla,2,2,D,1,1,D,2.87,3.23,2.71,1-1,2-2,13,5,16,5,0,0,0,0,6,3,12,13
SP1,17/08/2024,Osasuna,Leganes,1,1,D,0,1,A,1.89,3.47,4.57,0-1,1-1,16,5,10,4,3,2,0,0,6,4,14,12
SP1,17/08/2024,Valencia,Barcelona,1,2,A,1,1,D,4.89,3.85,1.75,1-1,1-2,6,1,18,8,2,3,0,0,3,8,11,13
SP1,18/08/2024,Sociedad,Vallecano,1,2,A,0,0,D,1.61,3.72,6.8,0-0,1-2,11,5,12,5,2,4,0,0,10,5,14,21
SP1,18/08/2024,Mallorca,Real Madrid,1,1,D,0,1,A,7.77,4.43,1.46,0-1,1-1,12,5,13,4,1,0,0,1,8,7,11,6
SP1,19/08/2024,Valladolid,Espanol,1,0,H,1,0,H,2.39,3.07,3.47,1-0,1-0,12,3,10,2,2,2,0,0,3,2,15,8
SP1,19/08/2024,Villarreal,Ath Madrid,2,2,D,2,2,D,3.43,3.68,2.12,2-2,2-2,8,3,10,5,1,3,0,0,2,3,6,10
SP1,23/08/2024,Celta,Valencia,3,1,H,2,1,H,2.17,3.37,3.71,2-1,3-1,7,5,13,5,3,0,0,0,4,7,9,11
SP1,23/08/2024,Sevilla,Villarreal,1,2,A,1,1,D,2.45,3.59,2.93,1-1,1-2,15,9,6,5,3,5,0,0,7,2,15,7
SP1,24/08/2024,Osasuna,Mallorca,1,0,H,0,0,D,2.52,3.02,3.28,0-0,1-0,15,5,11,2,2,1,0,0,5,4,10,8
SP1,24/08/2024,Barcelona,Ath Bilbao,2,1,H,1,1,D,1.63,4.22,5.34,1-1,2-1,13,5,9,2,4,5,0,0,5,6,11,16
SP1,24/08/2024,Espanol,Sociedad,0,1,A,0,0,D,4.18,3.12,2.11,0-0,0-1,13,3,8,4,2,2,0,0,7,4,14,18
SP1,24/08/2024,Getafe,Vallecano,0,0,D,0,0,D,2.53,2.93,3.38,0-0,0-0,12,0,3,1,1,2,0,0,3,2,16,18
SP1,25/08/2024,Real Madrid,Valladolid,3,0,H,0,0,D,1.17,8.51,16.25,0-0,3-0,17,9,8,2,1,1,0,0,5,5,10,15
SP1,25/08/2024,Leganes,Las Palmas,2,1,H,0,0,D,2.33,3,3.78,0-0,2-1,10,5,10,5,1,1,0,0,3,7,11,10
SP1,25/08/2024,Alaves,Betis,0,0,D,0,0,D,2.44,3.14,3.28,0-0,0-0,3,1,13,3,1,4,1,0,3,8,16,13
SP1,25/08/2024,Ath Madrid,Girona,3,0,H,1,0,H,1.6,4.35,5.47,1-0,3-0,11,6,13,5,1,3,0,0,1,9,11,10
SP1,26/08/2024,Villarreal,Celta,4,3,H,1,2,A,1.94,3.46,3.76,1-2,4-3,22,9,18,8,4,3,0,0,7,4,8,6
SP2,15/08/2024,Granada,Albacete,1,2,A,1,2,A,1.86,3.47,4.74,1-2,1-2,22,10,9,3,6,3,0,0,9,5,10,11
SP2,16/08/2024,Mirandes,Cordoba,1,0,H,1,0,H,3.13,3.05,2.6,1-0,1-0,3,2,28,7,1,1,0,0,2,9,6,14
SP2,16/08/2024,Cadiz,Zaragoza,0,4,A,0,2,A,2.05,3.05,4.57,0-2,0-4,13,3,12,9,3,2,0,0,6,0,14,21
SP2,17/08/2024,Eibar,Castellon,1,0,H,1,0,H,1.76,3.71,4.61,1-0,1-0,9,3,11,4,4,1,0,0,3,3,17,9
SP2,17/08/2024,Ferrol,Malaga,2,2,D,0,1,A,2.31,3.05,3.47,0-1,2-2,14,5,7,2,1,3,0,0,3,3,16,16
SP2,17/08/2024,La Coruna,Oviedo,0,1,A,0,1,A,2.59,3.02,3.02,0-1,0-1,17,7,7,4,3,4,0,0,3,5,9,22
SP2,18/08/2024,Santander,Almeria,2,2,D,2,0,H,2.69,3.17,2.76,2-0,2-2,12,5,19,9,3,2,0,0,5,7,18,15
SP2,18/08/2024,Sp Gijon,Levante,1,2,A,0,2,A,2,3.12,4.32,0-2,1-2,11,1,11,5,2,2,0,0,7,1,15,16
SP2,18/08/2024,Burgos,Cartagena,3,1,H,2,1,H,1.93,3.25,4.38,2-1,3-1,12,6,12,3,2,4,0,0,5,5,13,19
SP2,18/08/2024,Elche,Huesca,0,1,A,0,0,D,2.06,3.06,4.21,0-0,0-1,12,3,6,3,3,2,0,0,3,1,16,18
SP2,19/08/2024,Eldense,Tenerife,2,1,H,0,0,D,2.5,2.95,3.22,0-0,2-1,15,4,13,5,1,3,0,0,7,2,11,17
SP2,23/08/2024,Santander,Eibar,2,2,D,0,1,A,2.37,3.09,3.49,0-1,2-2,15,6,16,3,3,2,0,0,7,5,11,14
SP2,23/08/2024,Huesca,La Coruna,2,1,H,1,0,H,2.67,2.73,3.41,1-0,2-1,10,4,13,4,4,0,0,0,3,11,13,5
SP2,24/08/2024,Ferrol,Granada,0,1,A,0,0,D,3.16,3,2.5,0-0,0-1,18,3,16,7,2,3,0,0,7,7,12,18
SP2,24/08/2024,Sp Gijon,Eldense,0,0,D,0,0,D,1.88,3.23,4.68,0-0,0-0,21,4,11,4,2,2,0,0,6,6,10,6
SP2,24/08/2024,Levante,Cadiz,1,1,D,0,0,D,2.12,3.18,3.8,0-0,1-1,17,6,16,8,2,5,0,0,6,4,16,16
SP2,24/08/2024,Malaga,Mirandes,1,1,D,0,1,A,1.73,3.49,5.26,0-1,1-1,8,3,7,3,2,3,0,0,2,2,21,23
SP2,24/08/2024,Tenerife,Almeria,0,1,A,0,0,D,2.74,2.86,2.77,0-0,0-1,12,5,20,2,0,2,1,0,4,8,11,9
SP2,25/08/2024,Albacete,Elche,1,0,H,0,0,D,2.45,2.98,3.27,0-0,1-0,8,2,18,4,2,1,0,0,0,8,14,8
SP2,25/08/2024,Castellon,Oviedo,0,0,D,0,0,D,2.15,3.21,3.65,0-0,0-0,20,6,7,1,0,2,0,0,10,3,14,16
SP2,26/08/2024,Cartagena,Zaragoza,1,2,A,1,0,H,3.11,2.94,2.59,1-0,1-2,9,3,17,8,2,2,0,0,5,5,10,14
SP2,26/08/2024,Cordoba,Burgos,2,2,D,0,0,D,2.25,2.84,3.96,0-0,2-2,11,4,12,5,1,2,1,0,4,4,17,11
D1,23/08/2024,Mgladbach,Leverkusen,2,3,A,0,2,A,5.33,4.58,1.6,0-2,2-3,14,7,25,9,1,0,0,0,2,4,11,7
D1,24/08/2024,Augsburg,Werder Bremen,2,2,D,2,1,H,2.32,3.55,3.11,2-1,2-2,10,3,12,6,3,1,0,0,4,2,11,10
D1,24/08/2024,Freiburg,Stuttgart,3,1,H,1,1,D,3.5,3.7,2.09,1-1,3-1,15,4,9,2,2,1,0,0,6,3,7,10
D1,24/08/2024,Hoffenheim,Holstein Kiel,3,2,H,2,0,H,1.64,4.38,5.07,2-0,3-2,20,8,15,6,2,3,0,1,8,6,8,14
D1,24/08/2024,Mainz,Union Berlin,1,1,D,0,0,D,2.08,3.24,4.1,0-0,1-1,15,3,15,4,1,3,0,0,8,9,9,15
D1,24/08/2024,RB Leipzig,Bochum,1,0,H,0,0,D,1.25,6.71,10.65,0-0,1-0,12,3,10,4,1,3,1,0,9,3,9,17
D1,24/08/2024,Dortmund,Ein Frankfurt,2,0,H,0,0,D,1.71,4.4,4.48,0-0,2-0,17,5,7,2,0,1,0,0,7,7,6,3
D1,25/08/2024,Wolfsburg,Bayern Munich,2,3,A,0,1,A,6.33,5,1.47,0-1,2-3,11,2,14,8,2,3,0,0,1,7,13,11
D1,25/08/2024,St Pauli,Heidenheim,0,2,A,0,0,D,2.13,3.5,3.59,0-0,0-2,11,3,6,3,2,3,0,0,4,2,10,15
D2,02/08/2024,FC Koln,Hamburg,1,2,A,0,2,A,2.41,3.73,2.86,0-2,1-2,26,4,9,6,2,2,0,0,6,3,18,7
D2,03/08/2024,Hannover,Regensburg,2,0,H,2,0,H,1.65,4.16,5.07,2-0,2-0,16,5,10,3,1,0,0,0,5,3,12,17
D2,03/08/2024,Hertha,Paderborn,1,2,A,0,1,A,2.04,3.84,3.46,0-1,1-2,10,3,11,5,2,1,0,0,1,8,16,7
D2,03/08/2024,Karlsruhe,Nurnberg,3,2,H,1,2,A,1.96,3.87,3.68,1-2,3-2,15,5,14,5,2,4,0,0,7,3,15,12
D2,03/08/2024,Magdeburg,Elversberg,0,0,D,0,0,D,2,3.71,3.69,0-0,0-0,21,6,9,3,3,2,0,0,11,1,11,8
D2,03/08/2024,Schalke 04,Braunschweig,5,1,H,2,1,H,1.75,3.75,4.65,2-1,5-1,14,8,10,5,2,2,0,0,3,3,13,11
D2,04/08/2024,Darmstadt,Fortuna Dusseldorf,0,2,A,0,0,D,2.79,3.6,2.41,0-0,0-2,11,6,11,4,2,2,1,0,7,6,16,7
D2,04/08/2024,Greuther Furth,Preußen Münster,3,1,H,1,1,D,1.82,3.84,4.11,1-1,3-1,22,9,15,5,1,2,0,0,6,5,9,11
D2,04/08/2024,Ulm,Kaiserslautern,1,2,A,0,0,D,2.92,3.41,2.42,0-0,1-2,12,3,13,4,2,3,0,0,6,7,12,16
D2,09/08/2024,Kaiserslautern,Greuther Furth,2,2,D,1,2,A,2.19,3.74,3.22,1-2,2-2,13,7,15,8,3,1,0,0,8,5,10,14
D2,09/08/2024,Regensburg,Ulm,1,0,H,1,0,H,2.59,3.44,2.8,1-0,1-0,8,1,11,5,3,2,0,0,5,4,22,16
D2,10/08/2024,Elversberg,FC Koln,2,2,D,0,1,A,3.42,3.88,2.04,0-1,2-2,10,3,23,9,3,2,0,0,4,13,13,13
D2,10/08/2024,Fortuna Dusseldorf,Karlsruhe,0,0,D,0,0,D,1.84,4.03,4.01,0-0,0-0,20,6,9,2,2,1,0,0,7,4,6,6
D2,10/08/2024,Nurnberg,Schalke 04,3,1,H,0,1,A,3.04,3.67,2.28,0-1,3-1,8,5,17,5,3,4,1,1,1,7,11,12
D2,10/08/2024,Hamburg,Hertha,1,1,D,1,0,H,1.84,4.07,3.79,1-0,1-1,13,3,13,4,2,2,0,0,9,11,9,8
D2,11/08/2024,Braunschweig,Magdeburg,1,3,A,0,1,A,2.63,3.39,2.67,0-1,1-3,20,8,11,6,0,1,0,0,10,2,9,15
D2,11/08/2024,Paderborn,Darmstadt,3,1,H,0,1,A,1.88,3.75,3.94,0-1,3-1,18,5,15,7,1,1,0,0,7,6,8,11
D2,11/08/2024,Preußen Münster,Hannover,0,0,D,0,0,D,3.23,3.71,2.12,0-0,0-0,11,4,9,1,3,1,0,0,7,6,13,11
D2,23/08/2024,Hannover,Hamburg,1,0,H,0,0,D,2.38,3.76,2.88,0-0,1-0,9,3,8,1,4,4,0,1,1,3,20,18
D2,23/08/2024,Karlsruhe,Elversberg,3,2,H,1,1,D,1.62,4.48,5.06,1-1,3-2,11,8,11,3,2,0,0,0,7,3,8,6
D2,24/08/2024,Greuther Furth,Paderborn,1,1,D,0,0,D,2.59,3.68,2.62,0-0,1-1,14,3,13,4,2,4,0,0,7,5,12,16
D2,24/08/2024,Hertha,Regensburg,2,0,H,0,0,D,1.56,4.39,5.78,0-0,2-0,11,2,13,2,4,2,0,1,8,2,12,9
D2,24/08/2024,Preußen Münster,Kaiserslautern,0,1,A,0,0,D,2.91,3.74,2.34,0-0,0-1,14,7,8,5,4,4,0,0,4,2,15,18
D2,24/08/2024,FC Koln,Braunschweig,5,0,H,2,0,H,1.45,4.84,6.13,2-0,5-0,22,13,6,3,2,1,0,0,8,2,14,7
D2,25/08/2024,Darmstadt,Nurnberg,1,1,D,1,0,H,2.2,3.68,3.1,1-0,1-1,19,7,5,4,2,3,0,0,13,2,13,11
D2,25/08/2024,Magdeburg,Schalke 04,2,2,D,2,1,H,2.47,3.66,2.69,2-1,2-2,14,8,13,7,4,2,0,0,9,4,9,12
D2,25/08/2024,Ulm,Fortuna Dusseldorf,1,2,A,1,0,H,4.01,3.66,1.88,1-0,1-2,21,8,12,5,2,5,0,0,6,5,10,13
F1,16/08/2024,Le Havre,Paris SG,1,4,A,0,1,A,7.84,4.94,1.42,0-1,1-4,5,2,14,9,3,0,0,0,2,8,9,9
F1,17/08/2024,Brest,Marseille,1,5,A,1,3,A,2.96,3.37,2.51,1-3,1-5,7,5,7,5,4,1,0,0,5,0,10,8
F1,17/08/2024,Reims,Lille,0,2,A,0,1,A,3.36,3.38,2.27,0-1,0-2,2,0,21,6,2,2,1,0,0,8,6,13
F1,17/08/2024,Monaco,St Etienne,1,0,H,1,0,H,1.51,4.64,6.26,1-0,1-0,13,6,7,4,1,1,0,0,5,4,13,14
F1,18/08/2024,Auxerre,Nice,2,1,H,1,1,D,3.22,3.18,2.45,1-1,2-1,16,7,9,2,0,0,0,0,3,5,11,17
F1,18/08/2024,Angers,Lens,0,1,A,0,1,A,5.66,3.96,1.65,0-1,0-1,4,3,10,5,1,0,0,0,7,3,6,10
F1,18/08/2024,Montpellier,Strasbourg,1,1,D,0,0,D,2.12,3.35,3.8,0-0,1-1,7,5,11,4,4,3,0,0,6,4,20,18
F1,18/08/2024,Toulouse,Nantes,0,0,D,0,0,D,2.11,3.29,3.92,0-0,0-0,7,3,6,2,1,3,0,0,10,5,10,8
F1,18/08/2024,Rennes,Lyon,3,0,H,2,0,H,2.47,3.38,3.01,2-0,3-0,22,8,16,2,2,1,0,0,7,7,13,12
F1,23/08/2024,Paris SG,Montpellier,6,0,H,2,0,H,1.25,6.94,10.85,2-0,6-0,21,10,6,3,1,4,0,0,10,2,9,16
F1,24/08/2024,Lyon,Monaco,0,2,A,0,0,D,2.62,3.73,2.61,0-0,0-2,2,1,15,4,0,0,0,1,0,6,10,7
F1,24/08/2024,Lille,Angers,2,0,H,1,0,H,1.33,4.72,8.77,1-0,2-0,11,6,5,2,1,2,0,0,3,2,9,17
F1,24/08/2024,St Etienne,Le Havre,0,2,A,0,0,D,2.11,3.45,3.71,0-0,0-2,18,5,14,5,3,3,0,0,2,4,11,9
F1,25/08/2024,Lens,Brest,2,0,H,2,0,H,1.81,3.71,4.69,2-0,2-0,22,11,10,2,0,0,1,0,5,2,8,6
F1,25/08/2024,Nantes,Auxerre,2,0,H,1,0,H,2.25,3.22,3.22,1-0,2-0,8,6,10,3,0,0,0,1,3,12,9,6
F1,25/08/2024,Nice,Toulouse,1,1,D,0,0,D,1.88,3.53,4.57,0-0,1-1,10,4,15,3,4,1,0,0,4,4,11,21
F1,25/08/2024,Strasbourg,Rennes,3,1,H,1,0,H,3.19,3.5,2.3,1-0,3-1,9,5,13,5,2,4,0,0,2,5,7,19
F1,25/08/2024,Marseille,Reims,2,2,D,1,0,H,1.56,4.47,5.84,1-0,2-2,16,10,12,3,1,1,0,0,2,4,10,13
F2,16/08/2024,Ajaccio,Rodez,1,0,H,0,0,D,2.35,3.1,3.45,0-0,1-0,8,4,5,0,2,0,0,0,3,4,2,0
F2,16/08/2024,Amiens,Red Star,3,0,H,1,0,H,2.36,3.09,3.43,1-0,3-0,17,6,13,3,1,0,0,0,6,3,11,13
F2,16/08/2024,Clermont,Pau FC,2,2,D,1,2,A,1.95,3.4,4.28,1-2,2-2,13,5,11,4,1,3,0,1,4,6,14,12
F2,16/08/2024,Dunkerque,Annecy,0,2,A,0,0,D,2.82,3.12,2.75,0-0,0-2,12,6,13,4,1,2,0,0,8,2,15,15
F2,16/08/2024,Grenoble,Laval,2,1,H,0,0,D,2.22,3.18,3.64,0-0,2-1,6,4,9,1,2,0,0,0,4,4,1,0
F2,16/08/2024,Guingamp,Troyes,4,0,H,2,0,H,1.78,3.48,5.17,2-0,4-0,16,5,10,3,0,4,0,0,3,5,9,12
F2,17/08/2024,Caen,Paris FC,0,2,A,0,0,D,2.52,3.15,2.94,0-0,0-2,9,5,13,5,3,1,0,0,9,3,15,13
F2,19/08/2024,Martigues,Lorient,0,1,A,0,0,D,4.06,3.38,1.94,0-0,0-1,3,1,18,7,0,0,0,0,1,11,8,13
F2,19/08/2024,Metz,Bastia,1,1,D,0,1,A,1.93,3.33,4.15,0-1,1-1,18,5,7,3,1,3,0,0,9,1,13,15
F2,23/08/2024,Annecy,Martigues,2,4,A,1,2,A,1.74,3.6,5.25,1-2,2-4,25,7,10,5,3,1,0,0,19,3,13,13
F2,23/08/2024,Bastia,Amiens,1,0,H,0,0,D,2.65,2.82,3.26,0-0,1-0,15,4,9,3,2,5,0,1,6,4,12,11
F2,23/08/2024,Laval,Guingamp,0,1,A,0,1,A,3.44,2.97,2.43,0-1,0-1,16,3,15,4,2,2,0,0,8,5,23,16
F2,23/08/2024,Paris FC,Dunkerque,3,2,H,0,1,A,1.71,3.75,5.18,0-1,3-2,9,4,6,2,1,2,0,0,7,1,8,17
F2,23/08/2024,Pau FC,Caen,1,0,H,1,0,H,2.81,3.15,2.74,1-0,1-0,7,2,22,4,1,2,2,0,0,7,12,20
F2,23/08/2024,Rodez,Metz,1,3,A,0,3,A,2.87,3.23,2.63,0-3,1-3,16,4,11,4,3,4,1,0,7,3,14,13
F2,23/08/2024,Troyes,Clermont,0,1,A,0,1,A,3.57,3.3,2.19,0-1,0-1,16,5,5,1,0,1,0,0,15,3,5,13
F2,24/08/2024,Lorient,Grenoble,2,0,H,0,0,D,1.68,3.75,5.3,0-0,2-0,12,5,13,3,1,2,0,0,9,7,12,10
F2,26/08/2024,Red Star,Ajaccio,1,0,H,1,0,H,2.36,3.05,3.3,1-0,1-0,5,2,19,2,2,3,0,0,2,8,15,15
I1,17/08/2024,Genoa,Inter,2,2,D,1,1,D,6.6,4.18,1.55,1-1,2-2,10,6,14,9,1,2,0,0,1,4,15,14
I1,17/08/2024,Parma,Fiorentina,1,1,D,1,0,H,3.37,3.43,2.25,1-0,1-1,13,5,14,7,3,2,0,1,4,9,15,9
I1,17/08/2024,Empoli,Monza,0,0,D,0,0,D,2.53,3.13,3.14,0-0,0-0,9,1,4,1,0,2,0,0,7,3,16,19
I1,17/08/2024,Milan,Torino,2,2,D,0,1,A,1.62,4.06,5.76,0-1,2-2,20,6,6,3,2,4,0,0,9,2,10,7
I1,18/08/2024,Bologna,Udinese,1,1,D,0,0,D,1.95,3.29,4.57,0-0,1-1,22,7,4,2,0,4,0,0,7,5,15,13
I1,18/08/2024,Verona,Napoli,3,0,H,0,0,D,4.99,3.67,1.78,0-0,3-0,8,5,15,5,4,1,0,0,1,5,15,13
I1,18/08/2024,Cagliari,Roma,0,0,D,0,0,D,4.04,3.53,1.99,0-0,0-0,12,2,13,3,2,0,0,0,5,3,15,7
I1,18/08/2024,Lazio,Venezia,3,1,H,2,1,H,1.48,4.46,7.29,2-1,3-1,13,6,11,3,1,2,0,0,6,3,14,11
I1,19/08/2024,Lecce,Atalanta,0,4,A,0,2,A,4.44,3.62,1.88,0-2,0-4,19,5,10,6,0,2,0,0,5,3,10,24
I1,19/08/2024,Juventus,Como,3,0,H,2,0,H,1.34,5.22,9.8,2-0,3-0,12,9,1,1,2,4,0,0,3,0,12,6
I1,24/08/2024,Parma,Milan,2,1,H,1,0,H,4.9,4.16,1.69,1-0,2-1,8,5,17,5,0,3,0,0,3,9,9,13
I1,24/08/2024,Udinese,Lazio,2,1,H,1,0,H,3.38,3.11,2.4,1-0,2-1,8,3,17,5,0,0,1,0,4,13,15,10
I1,24/08/2024,Inter,Lecce,2,0,H,1,0,H,1.2,7.01,15.07,1-0,2-0,11,3,10,4,0,2,0,0,10,6,9,12
I1,24/08/2024,Monza,Genoa,0,1,A,0,1,A,2.68,3.11,2.96,0-1,0-1,9,2,11,1,2,3,0,0,8,3,6,17
I1,25/08/2024,Fiorentina,Venezia,0,0,D,0,0,D,1.44,4.65,7.64,0-0,0-0,12,8,7,4,1,2,0,0,7,3,13,19
I1,25/08/2024,Torino,Atalanta,2,1,H,1,1,D,3.32,3.26,2.35,1-1,2-1,13,6,24,8,3,4,0,0,4,6,8,13
I1,25/08/2024,Napoli,Bologna,3,0,H,1,0,H,1.94,3.62,4.11,1-0,3-0,16,5,9,2,2,2,0,0,7,5,11,17
I1,25/08/2024,Roma,Empoli,1,2,A,0,1,A,1.5,4.45,6.8,0-1,1-2,17,6,10,3,0,3,0,0,8,5,10,9
I1,26/08/2024,Cagliari,Como,1,1,D,1,0,H,2.13,3.43,3.66,1-0,1-1,11,5,13,4,2,2,0,0,5,6,12,10
I1,26/08/2024,Verona,Juventus,0,3,A,0,2,A,5.23,3.77,1.72,0-2,0-3,7,1,7,5,2,0,0,0,4,1,8,8
I2,16/08/2024,Brescia,Palermo,1,0,H,0,0,D,3.02,3.18,2.58,0-0,1-0,18,6,10,1,1,1,0,0,9,6,15,10
I2,17/08/2024,Bari,Juve Stabia,1,3,A,0,2,A,1.85,3.32,4.72,0-2,1-3,16,4,13,6,2,6,0,0,6,4,20,14
I2,17/08/2024,Pisa,Spezia,2,2,D,1,2,A,2.71,2.98,2.91,1-2,2-2,19,4,6,3,4,2,0,0,7,2,10,22
I2,17/08/2024,Salernitana,Cittadella,2,1,H,0,1,A,1.94,3.42,4.09,0-1,2-1,15,7,8,3,4,5,0,0,10,1,23,12
I2,17/08/2024,Sudtirol,Modena,2,1,H,1,1,D,2.9,2.97,2.73,1-1,2-1,9,3,6,2,1,3,0,0,4,2,10,15
I2,18/08/2024,Catanzaro,Sassuolo,1,1,D,0,1,A,3.72,3.21,2.12,0-1,1-1,9,4,12,6,3,4,0,0,3,7,11,7
I2,18/08/2024,Cesena,Carrarese,2,1,H,2,0,H,1.97,3.19,4.32,2-0,2-1,14,8,10,4,3,1,0,0,1,2,13,14
I2,18/08/2024,Cosenza,Cremonese,1,0,H,1,0,H,3.39,3.14,2.29,1-0,1-0,15,6,7,1,3,2,0,0,4,8,11,16
I2,18/08/2024,Frosinone,Sampdoria,2,2,D,1,0,H,2.69,3.12,2.81,1-0,2-2,20,12,17,4,2,2,0,1,4,4,10,13
I2,18/08/2024,Reggiana,Mantova,2,2,D,0,0,D,2.59,3.11,2.92,0-0,2-2,12,6,13,4,5,1,0,0,3,1,10,25
I2,23/08/2024,Modena,Bari,2,1,H,1,1,D,2.31,3.06,3.66,1-1,2-1,16,5,14,4,4,4,0,0,4,5,20,13
I2,24/08/2024,Sudtirol,Salernitana,3,2,H,2,1,H,2.72,2.89,2.98,2-1,3-2,17,7,9,3,1,1,0,0,5,5,15,9
I2,24/08/2024,Brescia,Cittadella,0,1,A,0,0,D,2.66,3.02,2.93,0-0,0-1,18,6,15,3,2,4,0,1,5,4,17,8
I2,24/08/2024,Cremonese,Carrarese,1,0,H,0,0,D,1.63,3.63,6.07,0-0,1-0,16,4,10,3,0,0,0,0,5,5,8,14
I2,24/08/2024,Pisa,Palermo,2,0,H,1,0,H,2.51,3.16,3,1-0,2-0,11,4,16,4,2,2,0,0,6,7,8,20
I2,24/08/2024,Sampdoria,Reggiana,0,1,A,0,0,D,1.65,3.74,5.49,0-0,0-1,9,1,19,4,2,4,0,0,6,4,11,12
I2,24/08/2024,Sassuolo,Cesena,2,1,H,1,0,H,1.85,3.7,4.14,1-0,2-1,13,6,23,6,3,2,0,0,3,9,10,14
I2,24/08/2024,Spezia,Frosinone,2,1,H,0,1,A,2.39,3.28,3.06,0-1,2-1,12,6,8,3,2,6,0,0,5,7,19,18
I2,25/08/2024,Catanzaro,Juve Stabia,0,0,D,0,0,D,2.22,3.19,3.49,0-0,0-0,11,2,11,2,2,2,0,0,9,4,14,9
I2,25/08/2024,Mantova,Cosenza,3,2,H,2,0,H,2.24,3.27,3.35,2-0,3-2,9,6,22,10,2,3,0,0,7,5,23,7
P1,09/08/2024,Sp Lisbon,Rio Ave,3,1,H,2,0,H,1.16,8.42,15.65,2-0,3-1,23,6,3,1,2,2,0,0,6,1,9,14
P1,10/08/2024,AVS,Nacional,1,1,D,0,1,A,2.26,3.28,3.31,0-1,1-1,17,3,6,2,1,1,0,0,4,2,8,13
P1,10/08/2024,Casa Pia,Boavista,0,1,A,0,0,D,1.91,3.47,4.17,0-0,0-1,15,4,5,2,2,1,0,0,3,1,12,6
P1,10/08/2024,Porto,Gil Vicente,3,0,H,1,0,H,1.17,7.35,14.81,1-0,3-0,16,7,3,2,0,3,0,1,6,2,18,10
P1,11/08/2024,Estoril,Santa Clara,1,4,A,1,1,D,2.21,3.25,3.45,1-1,1-4,4,2,9,8,6,3,0,0,1,3,11,20
P1,11/08/2024,Famalicao,Benfica,2,0,H,1,0,H,6.55,4.79,1.44,1-0,2-0,9,5,10,1,3,4,0,0,0,7,8,13
P1,11/08/2024,Farense,Moreirense,1,2,A,0,1,A,2.99,3.19,2.49,0-1,1-2,10,5,10,6,0,4,0,1,5,4,14,11
P1,11/08/2024,Sp Braga,Estrela,1,1,D,0,0,D,1.37,5.12,7.42,0-0,1-1,13,5,6,4,3,5,0,0,13,4,14,9
P1,12/08/2024,Arouca,Guimaraes,0,1,A,0,1,A,2.88,3.39,2.45,0-1,0-1,8,0,11,4,7,2,1,0,6,5,13,11
P1,16/08/2024,Santa Clara,Porto,0,2,A,0,2,A,6,4.42,1.55,0-2,0-2,5,2,8,6,2,3,1,0,2,2,19,12
P1,16/08/2024,Gil Vicente,AVS,4,2,H,2,2,D,2.31,3.35,3.32,2-2,4-2,16,6,10,5,1,4,0,1,2,3,6,12
P1,17/08/2024,Rio Ave,Farense,1,0,H,1,0,H,2.01,3.42,3.83,1-0,1-0,9,3,14,4,0,1,0,0,7,14,8,16
P1,17/08/2024,Nacional,Sp Lisbon,1,6,A,1,2,A,10.39,6.13,1.24,1-2,1-6,12,6,20,10,1,1,0,0,4,3,9,10
P1,17/08/2024,Benfica,Casa Pia,3,0,H,0,0,D,1.16,7.79,13.97,0-0,3-0,26,7,5,1,0,1,0,0,12,2,6,14
P1,18/08/2024,Moreirense,Arouca,3,1,H,2,1,H,2.36,3.18,3.22,2-1,3-1,14,6,15,3,1,2,0,0,7,5,14,12
P1,18/08/2024,Guimaraes,Estoril,1,0,H,1,0,H,1.56,4.06,5.84,1-0,1-0,14,5,3,1,2,1,0,0,9,3,15,17
P1,18/08/2024,Boavista,Sp Braga,0,1,A,0,1,A,5.22,4.23,1.59,0-1,0-1,7,1,12,3,3,1,0,0,3,8,8,9
P1,19/08/2024,Estrela,Famalicao,0,3,A,0,1,A,2.52,3.22,2.92,0-1,0-3,8,2,11,8,3,1,0,0,2,4,10,10
P1,23/08/2024,Farense,Sp Lisbon,0,5,A,0,2,A,13.09,7.98,1.19,0-2,0-5,4,1,28,8,4,1,0,0,1,5,18,5
P1,24/08/2024,Casa Pia,Santa Clara,0,2,A,0,0,D,2.79,3.27,2.59,0-0,0-2,10,3,7,4,4,4,1,0,7,1,14,21
P1,24/08/2024,Porto,Rio Ave,2,0,H,2,0,H,1.22,6.09,12.66,2-0,2-0,23,12,0,0,0,2,0,1,9,3,14,15
P1,24/08/2024,Benfica,Estrela,1,0,H,1,0,H,1.16,7.53,15.22,1-0,1-0,16,9,5,0,4,3,0,0,12,2,19,12
P1,24/08/2024,Famalicao,Boavista,1,0,H,1,0,H,1.55,4.02,6.22,1-0,1-0,10,4,5,2,1,3,0,0,7,3,18,16
P1,25/08/2024,Arouca,Nacional,1,0,H,1,0,H,2.11,3.48,3.46,1-0,1-0,10,4,11,1,2,6,0,0,9,2,17,11
P1,25/08/2024,Estoril,Gil Vicente,0,0,D,0,0,D,2.62,3.2,2.82,0-0,0-0,12,2,10,4,4,1,0,0,8,1,19,6
P1,25/08/2024,AVS,Guimaraes,1,0,H,0,0,D,4.04,3.52,1.93,0-0,1-0,9,2,13,5,3,3,0,0,3,6,15,13
P1,25/08/2024,Sp Braga,Moreirense,3,1,H,1,0,H,1.55,4.17,5.82,1-0,3-1,19,7,12,5,0,2,0,0,6,1,11,7
N1,09/08/2024,Groningen,NAC Breda,4,1,H,3,0,H,1.63,4.03,5.66,3-0,4-1,17,9,7,3,1,3,0,1,8,1,7,7
N1,10/08/2024,Feyenoord,Willem II,1,1,D,1,0,H,1.11,10.39,16.88,1-0,1-1,21,7,2,1,1,4,0,0,14,3,8,21
N1,10/08/2024,Nijmegen,Twente,1,2,A,1,1,D,3.7,3.74,1.94,1-1,1-2,12,2,15,5,0,0,0,0,7,5,5,6
N1,10/08/2024,Almere City,AZ Alkmaar,0,1,A,0,1,A,5.42,4.18,1.58,0-1,0-1,7,2,6,3,1,2,2,1,2,8,13,9
N1,10/08/2024,PSV Eindhoven,Waalwijk,5,1,H,3,0,H,1.09,11.96,20.83,3-0,5-1,19,12,8,4,0,0,0,0,7,3,4,8
N1,11/08/2024,Sparta Rotterdam,Heracles,0,0,D,0,0,D,1.5,4.44,6.09,0-0,0-0,9,1,10,2,1,1,0,0,3,4,12,14
N1,11/08/2024,Go Ahead Eagles,For Sittard,0,2,A,0,0,D,1.99,3.54,3.75,0-0,0-2,18,4,13,4,1,1,0,0,6,3,13,10
N1,11/08/2024,Utrecht,Zwolle,1,0,H,1,0,H,1.44,4.79,6.44,1-0,1-0,9,2,5,1,0,3,0,0,2,1,18,10
N1,11/08/2024,Ajax,Heerenveen,1,0,H,1,0,H,1.45,4.97,5.94,1-0,1-0,12,4,7,2,0,2,0,0,5,2,10,8
N1,16/08/2024,For Sittard,Almere City,3,0,H,1,0,H,1.82,3.71,4.62,1-0,3-0,20,9,8,4,2,3,0,0,9,3,8,12
N1,17/08/2024,Heerenveen,Utrecht,1,1,D,0,1,A,2.65,3.56,2.56,0-1,1-1,21,7,6,4,4,2,0,0,6,4,15,8
N1,17/08/2024,Twente,Sparta Rotterdam,1,1,D,0,0,D,1.51,4.49,5.83,0-0,1-1,21,3,11,3,1,0,0,0,5,4,7,8
N1,17/08/2024,AZ Alkmaar,Nijmegen,1,0,H,1,0,H,1.47,4.65,6.1,1-0,1-0,16,6,8,1,2,2,0,0,4,6,11,10
N1,17/08/2024,Waalwijk,Groningen,1,2,A,0,1,A,2.4,3.74,2.73,0-1,1-2,13,7,15,9,2,2,1,0,7,1,7,11
N1,18/08/2024,Heracles,PSV Eindhoven,1,3,A,1,0,H,11.5,9.69,1.15,1-0,1-3,6,3,32,8,1,0,0,0,2,12,7,12
N1,18/08/2024,Willem II,Go Ahead Eagles,2,0,H,2,0,H,3.05,3.59,2.25,2-0,2-0,8,3,11,1,2,2,0,0,4,3,10,12
N1,18/08/2024,Zwolle,Feyenoord,1,5,A,0,1,A,8.65,6.98,1.24,0-1,1-5,7,2,16,8,1,1,0,0,1,2,8,10
N1,18/08/2024,NAC Breda,Ajax,2,1,H,0,0,D,7.73,6.68,1.27,0-0,2-1,6,3,16,5,0,1,0,0,1,8,15,14
N1,24/08/2024,Nijmegen,Zwolle,1,0,H,0,0,D,1.57,4.25,5.38,0-0,1-0,16,2,11,4,1,4,0,1,6,2,8,13
N1,24/08/2024,Almere City,PSV Eindhoven,1,7,A,0,2,A,13.26,8.96,1.15,0-2,1-7,3,1,20,11,1,1,0,0,1,9,10,6
N1,24/08/2024,NAC Breda,Utrecht,1,2,A,1,0,H,4.34,3.91,1.76,1-0,1-2,7,3,13,7,3,1,1,0,4,5,5,7
N1,25/08/2024,Groningen,AZ Alkmaar,0,0,D,0,0,D,3.66,3.73,1.96,0-0,0-0,2,1,12,4,3,1,0,0,2,6,13,14
N1,25/08/2024,Heracles,Willem II,1,1,D,1,1,D,2.44,3.51,2.82,1-1,1-1,16,6,10,3,2,3,0,0,8,6,13,11
N1,25/08/2024,Sparta Rotterdam,Feyenoord,1,1,D,1,0,H,6.15,4.87,1.45,1-0,1-1,11,6,17,5,3,5,0,1,6,11,7,11
N1,25/08/2024,Go Ahead Eagles,Waalwijk,2,0,H,1,0,H,1.7,4.06,4.51,1-0,2-0,20,6,8,2,3,2,0,1,7,1,9,9
B1,27/07/2024,Anderlecht,St Truiden,1,0,H,0,0,D,1.51,4.36,5.91,0-0,1-0,11,3,2,0,0,0,0,0,6,0,8,10
B1,27/07/2024,Beerschot VA,Oud-Heverlee Leuven,0,0,D,0,0,D,2.79,3.37,2.5,0-0,0-0,1,0,9,2,2,1,0,0,2,6,15,15
B1,28/07/2024,Charleroi,Antwerp,0,1,A,0,1,A,3.13,3.47,2.23,0-1,0-1,12,5,12,4,5,2,0,0,5,6,15,7
B1,26/07/2024,Club Brugge,Mechelen,1,1,D,0,0,D,1.39,5.06,7.82,0-0,1-1,28,7,5,2,1,2,0,0,7,2,14,8
B1,27/07/2024,Dender,St. Gilloise,0,0,D,0,0,D,6.58,4.91,1.41,0-0,0-0,3,0,10,3,4,2,0,0,4,6,12,7
B1,28/07/2024,Genk,Standard,0,0,D,0,0,D,1.44,4.62,6.5,0-0,0-0,21,3,4,1,0,4,0,0,10,1,12,14
B1,28/07/2024,Kortrijk,Gent,0,1,A,0,0,D,4.9,4.18,1.62,0-0,0-1,15,5,8,2,2,2,0,0,8,4,10,7
B1,28/07/2024,Westerlo,Cercle Brugge,3,0,H,1,0,H,2.9,3.62,2.3,1-0,3-0,10,6,12,4,0,1,0,0,6,7,9,12
B1,02/08/2024,St. Gilloise,Beerschot VA,3,1,H,2,0,H,1.37,5.31,7.98,2-0,3-1,10,4,6,2,2,2,0,0,4,6,12,10
B1,03/08/2024,Mechelen,Westerlo,2,4,A,0,2,A,1.89,3.93,3.65,0-2,2-4,12,4,14,9,4,3,0,0,8,4,14,13
B1,03/08/2024,Oud-Heverlee Leuven,Genk,3,1,H,2,0,H,3.4,3.54,2.09,2-0,3-1,11,5,18,7,2,2,0,0,2,10,12,16
B1,03/08/2024,St Truiden,Charleroi,1,4,A,0,4,A,2.52,3.38,2.76,0-4,1-4,3,2,15,7,1,1,0,0,3,3,6,7
B1,04/08/2024,Antwerp,Anderlecht,1,2,A,1,1,D,2.78,3.44,2.47,1-1,1-2,17,7,10,4,2,0,0,0,7,2,17,11
B1,04/08/2024,Cercle Brugge,Kortrijk,1,2,A,1,1,D,1.63,4.13,4.89,1-1,1-2,23,6,11,6,2,3,0,0,14,7,7,13
B1,04/08/2024,Standard,Club Brugge,1,0,H,0,0,D,5.51,4.45,1.52,0-0,1-0,10,2,16,6,0,2,0,0,3,10,10,8
B1,04/08/2024,Gent,Dender,1,2,A,0,1,A,1.34,5.37,7.78,0-1,1-2,15,3,17,5,0,3,0,0,6,3,8,13
B1,09/08/2024,Standard,Mechelen,0,0,D,0,0,D,2.54,3.39,2.86,0-0,0-0,17,4,9,2,1,1,0,0,6,3,7,9
B1,10/08/2024,Dender,Kortrijk,4,1,H,2,1,H,2.19,3.49,3.21,2-1,4-1,12,6,9,2,0,4,0,1,3,9,10,8
B1,10/08/2024,Westerlo,St. Gilloise,4,3,H,3,1,H,3.65,3.68,1.95,3-1,4-3,24,9,14,7,5,3,0,0,5,6,11,15
B1,10/08/2024,Anderlecht,Oud-Heverlee Leuven,1,1,D,1,1,D,1.85,3.58,4.18,1-1,1-1,19,2,10,4,3,2,0,0,9,4,10,14
B1,11/08/2024,Genk,Club Brugge,3,2,H,0,1,A,3.48,3.61,2.03,0-1,3-2,14,7,17,7,2,2,0,0,5,4,10,4
B1,11/08/2024,Antwerp,St Truiden,6,1,H,2,0,H,1.37,4.89,7.68,2-0,6-1,11,8,15,7,1,0,0,0,5,2,4,8
B1,11/08/2024,Charleroi,Gent,1,0,H,0,0,D,2.86,3.67,2.31,0-0,1-0,17,5,7,0,3,1,0,0,4,3,14,6
B1,11/08/2024,Cercle Brugge,Beerschot VA,4,1,H,3,1,H,1.53,4.41,5.44,3-1,4-1,22,8,4,3,2,2,0,0,8,1,8,12
B1,16/08/2024,St. Gilloise,Charleroi,1,0,H,0,0,D,1.81,3.84,4.4,0-0,1-0,18,4,6,1,1,4,0,0,5,4,14,19
B1,17/08/2024,Beerschot VA,Genk,3,4,A,1,3,A,4.7,4.14,1.65,1-3,3-4,15,7,11,6,3,1,0,1,6,3,7,12
B1,17/08/2024,St Truiden,Dender,3,3,D,2,1,H,2.47,3.58,2.7,2-1,3-3,12,4,14,7,1,1,0,0,3,7,10,6
B1,17/08/2024,Mechelen,Anderlecht,1,3,A,1,2,A,3.28,3.61,2.11,1-2,1-3,22,9,12,8,1,2,0,0,9,8,12,12
B1,18/08/2024,Club Brugge,Antwerp,1,0,H,0,0,D,1.79,4.03,3.98,0-0,1-0,14,5,13,3,1,4,0,1,7,8,14,13
B1,18/08/2024,Oud-Heverlee Leuven,Cercle Brugge,1,1,D,1,1,D,2.81,3.35,2.5,1-1,1-1,12,6,11,5,3,2,1,0,6,4,11,13
B1,18/08/2024,Kortrijk,Standard,1,0,H,0,0,D,2.73,3.25,2.63,0-0,1-0,21,8,6,0,1,1,0,1,13,0,9,13
B1,18/08/2024,Gent,Westerlo,4,1,H,3,1,H,1.91,4.06,3.46,3-1,4-1,15,8,15,8,2,1,0,0,7,5,14,14
B1,24/08/2024,Westerlo,Oud-Heverlee Leuven,1,1,D,1,1,D,2.05,3.51,3.51,1-1,1-1,15,3,13,6,3,2,0,0,7,6,12,14
B1,24/08/2024,Antwerp,Mechelen,0,1,A,0,1,A,1.53,4.31,5.59,0-1,0-1,19,4,13,4,2,2,0,0,14,2,9,11
B1,25/08/2024,Dender,Club Brugge,1,2,A,1,2,A,5.09,4.41,1.56,1-2,1-2,11,5,13,4,3,2,0,0,6,1,13,13
B1,25/08/2024,St Truiden,St. Gilloise,0,0,D,0,0,D,6.26,4.45,1.47,0-0,0-0,5,0,13,2,2,3,1,0,3,8,11,11
B1,25/08/2024,Standard,Beerschot VA,1,0,H,0,0,D,1.77,3.83,4.3,0-0,1-0,12,3,11,2,0,2,0,1,2,1,7,10
B1,25/08/2024,Charleroi,Kortrijk,1,0,H,1,0,H,1.72,3.79,4.6,1-0,1-0,12,3,5,1,1,3,0,0,4,2,8,11
T1,09/08/2024,Galatasaray,Hatayspor,2,1,H,0,0,D,1.27,6.51,9.79,0-0,2-1,29,11,10,4,0,3,0,0,12,2,13,17
T1,10/08/2024,Kasimpasa,Konyaspor,2,3,A,0,1,A,2.12,3.46,3.44,0-1,2-3,4,3,6,3,5,3,0,0,2,7,6,7
T1,10/08/2024,Antalyaspor,Goztep,0,0,D,0,0,D,2.03,3.58,3.6,0-0,0-0,10,3,10,2,2,1,0,0,4,6,9,24
T1,10/08/2024,Fenerbahce,Ad. Demirspor,1,0,H,1,0,H,1.15,8.69,13.22,1-0,1-0,8,5,6,1,3,2,0,0,9,4,17,13
T1,11/08/2024,Sivasspor,Trabzonspor,0,0,D,0,0,D,3.6,3.51,2.05,0-0,0-0,15,5,17,2,1,0,0,0,5,7,14,12
T1,11/08/2024,Alanyaspor,Eyupspor,1,1,D,0,0,D,2.04,3.4,3.74,0-0,1-1,17,9,6,3,1,1,0,0,6,1,6,14
T1,11/08/2024,Samsunspor,Besiktas,0,2,A,0,2,A,4,3.65,1.89,0-2,0-2,7,4,10,2,2,1,0,0,6,2,12,10
T1,12/08/2024,Bodrumspor,Gaziantep,0,1,A,0,0,D,2.43,3.22,3.05,0-0,0-1,18,3,6,1,2,2,0,1,4,1,15,9
T1,12/08/2024,Rizespor,Buyuksehyr,1,1,D,1,1,D,2.97,3.47,2.36,1-1,1-1,27,6,6,1,0,2,0,0,12,1,16,16
T1,16/08/2024,Konyaspor,Galatasaray,1,2,A,1,1,D,4.79,4.1,1.71,1-1,1-2,17,3,7,3,1,1,0,0,5,8,4,20
T1,17/08/2024,Kayserispor,Sivasspor,1,2,A,1,1,D,2.42,3.26,3.03,1-1,1-2,22,8,9,4,1,3,0,1,5,4,14,15
T1,17/08/2024,Ad. Demirspor,Rizespor,1,2,A,0,1,A,2.94,3.79,2.24,0-1,1-2,12,5,10,5,2,0,0,0,1,6,15,18
T1,17/08/2024,Goztep,Fenerbahce,2,2,D,0,2,A,7.71,4.8,1.39,0-2,2-2,16,8,13,5,3,3,0,0,5,5,22,14
T1,18/08/2024,Buyuksehyr,Alanyaspor,4,2,H,1,2,A,2.05,3.49,3.62,1-2,4-2,12,8,13,3,4,3,0,0,4,4,19,11
T1,18/08/2024,Besiktas,Antalyaspor,4,2,H,2,1,H,1.51,4.32,6.24,2-1,4-2,17,9,7,3,4,1,0,1,3,0,18,15
T1,18/08/2024,Gaziantep,Samsunspor,0,1,A,0,1,A,2.71,3.2,2.72,0-1,0-1,20,8,14,4,3,3,0,0,6,3,9,14
T1,19/08/2024,Eyupspor,Bodrumspor,4,1,H,0,1,A,2.08,3.26,3.81,0-1,4-1,16,9,15,5,1,1,0,0,3,4,8,13
T1,19/08/2024,Hatayspor,Kasimpasa,1,1,D,1,0,H,2.39,3.54,2.86,1-0,1-1,9,1,14,6,2,1,0,0,3,7,8,10
T1,23/08/2024,Alanyaspor,Goztep,1,1,D,0,1,A,1.98,3.37,4.27,0-1,1-1,11,3,10,3,1,4,0,0,8,2,6,23
T1,24/08/2024,Sivasspor,Eyupspor,0,1,A,0,1,A,2.32,3.38,3.1,0-1,0-1,7,3,6,3,2,3,0,0,4,4,8,8
T1,24/08/2024,Bodrumspor,Konyaspor,3,1,H,2,1,H,2.87,3.41,2.45,2-1,3-1,8,5,3,2,2,2,0,0,5,5,6,8
T1,25/08/2024,Kasimpasa,Ad. Demirspor,2,2,D,1,0,H,1.56,4.46,5.25,1-0,2-2,15,6,10,3,1,0,0,0,8,4,10,10
T1,25/08/2024,Antalyaspor,Hatayspor,3,2,H,0,2,A,2.22,3.26,3.4,0-2,3-2,11,7,9,5,4,6,0,1,10,2,14,16
T1,25/08/2024,Rizespor,Fenerbahce,0,5,A,0,1,A,4.42,4.16,1.7,0-1,0-5,10,4,18,9,3,2,0,0,1,6,8,16
G1,17/08/2024,PAOK,Panserraikos,3,2,H,2,1,H,1.13,8.19,15.33,2-1,3-2,19,10,9,5,1,3,0,0,9,1,13,6
G1,17/08/2024,Volos NFC,Olympiakos,0,2,A,0,1,A,8.11,6.08,1.28,0-1,0-2,6,2,18,7,3,2,1,0,3,3,18,22
G1,18/08/2024,Levadeiakos,Athens Kallithea,0,0,D,0,0,D,2.59,3.08,2.85,0-0,0-0,12,3,2,0,3,6,0,0,2,5,16,21
G1,18/08/2024,Panathinaikos,Asteras Tripolis,0,1,A,0,0,D,1.3,5.23,9.01,0-0,0-1,14,2,12,4,3,3,1,0,8,2,15,15
G1,18/08/2024,Atromitos,Aris,1,1,D,0,0,D,2.84,3.24,2.49,0-0,1-1,8,6,10,2,2,3,0,0,3,4,18,19
G1,18/08/2024,AEK,OFI Crete,3,0,H,2,0,H,1.18,6.93,12.26,2-0,3-0,18,5,4,1,3,2,0,0,6,1,13,12
G1,19/08/2024,Panetolikos,Lamia,0,1,A,0,0,D,2.13,3.24,3.51,0-0,0-1,9,5,11,5,2,7,1,1,4,3,14,19
G1,24/08/2024,OFI Crete,Atromitos,1,1,D,1,0,H,2.19,3.3,3.3,1-0,1-1,7,2,13,2,8,6,1,2,4,3,26,14
G1,24/08/2024,Panserraikos,Aris,0,1,A,0,1,A,2.75,3.18,2.61,0-1,0-1,7,4,11,7,4,6,0,0,4,2,16,20
G1,24/08/2024,AEK,Lamia,1,1,D,0,1,A,1.1,10.02,17.71,0-1,1-1,23,5,2,1,1,4,0,0,13,1,5,14
G1,25/08/2024,Asteras Tripolis,Volos NFC,0,1,A,0,1,A,2.04,3.25,3.76,0-1,0-1,17,3,6,3,3,4,0,0,13,0,10,18
G1,25/08/2024,PAOK,Panetolikos,2,0,H,0,0,D,1.2,6.43,11.63,0-0,2-0,17,10,5,2,2,5,0,0,4,1,17,16
G1,25/08/2024,Panathinaikos,Levadeiakos,1,0,H,0,0,D,1.19,6.25,13.49,0-0,1-0,16,5,9,2,2,2,0,0,7,3,14,19
G1,26/08/2024,Olympiakos,Athens Kallithea,2,1,H,1,0,H,1.1,9.78,20.11,1-0,2-1,13,5,8,4,1,2,0,0,7,3,11,16
SC0,03/08/2024,Hearts,Rangers,0,0,D,0,0,D,5.09,4.42,1.61,0-0,0-0,17,3,7,3,3,1,0,0,8,7,14,11
SC0,03/08/2024,Motherwell,Ross County,0,0,D,0,0,D,1.9,3.7,3.92,0-0,0-0,11,6,13,3,0,2,0,0,9,3,5,13
SC0,04/08/2024,Dundee United,Dundee,2,2,D,2,1,H,2.36,3.44,2.98,2-1,2-2,9,5,10,6,2,0,0,0,5,6,7,6
SC0,04/08/2024,St Mirren,Hibernian,3,0,H,0,0,D,2.47,3.31,2.92,0-0,3-0,11,3,14,1,3,1,0,0,4,8,9,0
SC0,04/08/2024,Celtic,Kilmarnock,4,0,H,2,0,H,1.16,8.08,14.35,2-0,4-0,20,10,4,2,0,2,0,0,10,1,7,12
SC0,05/08/2024,St Johnstone,Aberdeen,1,2,A,0,1,A,3,3.33,2.4,0-1,1-2,18,8,21,10,2,1,0,0,12,7,11,13
SC0,10/08/2024,Rangers,Motherwell,2,1,H,2,1,H,1.2,7.16,11.19,2-1,2-1,19,9,7,1,2,0,0,0,6,4,9,8
SC0,10/08/2024,Ross County,Dundee United,1,1,D,0,0,D,2.59,3.33,2.75,0-0,1-1,21,5,12,2,1,2,0,0,7,5,11,13
SC0,10/08/2024,Dundee,Hearts,3,1,H,3,0,H,3.15,3.64,2.18,3-0,3-1,11,6,14,3,3,4,0,0,2,10,8,12
SC0,11/08/2024,Hibernian,Celtic,0,2,A,0,2,A,8.12,5.31,1.34,0-2,0-2,4,0,19,7,2,1,0,0,3,5,11,10
SC0,11/08/2024,Aberdeen,St Mirren,3,1,H,1,1,D,1.92,3.43,4.16,1-1,3-1,11,3,10,5,2,3,0,0,6,2,15,14
SC0,11/08/2024,Kilmarnock,St Johnstone,0,3,A,0,2,A,1.79,3.52,4.72,0-2,0-3,14,2,12,7,3,4,1,0,4,4,14,14
SC0,24/08/2024,Dundee United,St Johnstone,2,0,H,0,0,D,1.9,3.55,4.08,0-0,2-0,3,2,10,1,2,2,0,1,2,6,14,11
SC0,24/08/2024,Hibernian,Dundee,2,2,D,1,1,D,2.1,3.72,3.28,1-1,2-2,13,2,9,5,4,4,0,0,5,4,14,15
SC0,24/08/2024,Rangers,Ross County,6,0,H,2,0,H,1.18,7.39,13.46,2-0,6-0,17,9,4,2,1,3,0,0,5,0,10,12
SC0,25/08/2024,St Mirren,Celtic,0,3,A,0,2,A,9.66,5.89,1.27,0-2,0-3,3,1,21,8,2,1,0,0,2,10,12,7
SC0,25/08/2024,Aberdeen,Kilmarnock,2,0,H,1,0,H,1.72,3.77,4.83,1-0,2-0,12,3,7,2,3,0,0,1,8,6,14,12
SC0,25/08/2024,Motherwell,Hearts,3,1,H,1,0,H,2.82,3.44,2.47,1-0,3-1,14,6,9,3,1,4,0,0,8,7,8,17
SC1,02/08/2024,Falkirk,Queens Park,2,1,H,1,0,H,1.79,3.77,4.34,1-0,2-1,10,4,8,4,2,1,0,0,17,15,9,3
SC1,03/08/2024,Airdrie Utd,Raith Rvs,1,0,H,0,0,D,2.56,3.21,2.76,0-0,1-0,12,2,4,1,2,3,0,0,7,3,14,10
SC1,03/08/2024,Hamilton,Ayr,0,2,A,0,1,A,3.04,3.56,2.19,0-1,0-2,9,3,13,6,2,1,1,0,6,5,16,9
SC1,03/08/2024,Livingston,Dunfermline,2,0,H,0,0,D,1.97,3.35,3.8,0-0,2-0,15,5,11,5,1,0,0,0,2,3,14,9
SC1,03/08/2024,Partick,Morton,0,0,D,0,0,D,1.81,3.59,4.18,0-0,0-0,6,3,8,2,2,1,0,0,8,5,14,7
SC1,09/08/2024,Ayr,Airdrie Utd,5,0,H,2,0,H,2.21,3.32,3.38,2-0,5-0,23,13,5,1,1,3,0,0,4,5,12,13
SC1,09/08/2024,Queens Park,Livingston,1,1,D,1,0,H,2.64,3.41,2.66,1-0,1-1,13,4,15,5,0,3,0,0,5,10,10,9
SC1,10/08/2024,Dunfermline,Falkirk,0,2,A,0,1,A,3.75,3.69,1.88,0-1,0-2,8,2,8,4,1,1,0,0,4,5,9,10
SC1,10/08/2024,Morton,Hamilton,0,0,D,0,0,D,2.17,3.48,3.14,0-0,0-0,9,3,7,1,1,3,0,0,4,3,11,12
SC1,10/08/2024,Raith Rvs,Partick,1,0,H,1,0,H,2.22,3.35,3.14,1-0,1-0,6,2,10,6,4,2,0,1,2,6,12,14
SC1,17/08/2024,Ayr,Hamilton,3,2,H,1,2,A,1.57,4.31,4.86,1-2,3-2,14,6,8,5,3,3,0,0,2,4,14,12
SC1,24/08/2024,Airdrie Utd,Queens Park,0,2,A,0,2,A,2.28,3.19,3.18,0-2,0-2,11,2,2,4,3,2,0,1,6,1,14,12
SC1,24/08/2024,Ayr,Raith Rvs,2,0,H,1,0,H,1.87,3.31,4.3,1-0,2-0,13,4,4,1,1,3,0,1,3,5,9,10
SC1,24/08/2024,Falkirk,Partick,2,1,H,0,0,D,1.76,3.93,4.02,0-0,2-1,21,7,7,3,2,3,0,1,13,0,9,9
SC1,24/08/2024,Hamilton,Dunfermline,1,0,H,1,0,H,2.15,3.44,3.21,1-0,1-0,5,2,5,1,2,2,0,0,5,3,20,6
SC1,24/08/2024,Livingston,Morton,1,1,D,0,0,D,1.8,3.51,4.36,0-0,1-1,14,6,2,2,2,3,0,0,7,1,13,11
SC2,03/08/2024,Alloa,Queen of Sth,0,0,D,0,0,D,2.18,3.4,3.07,0-0,0-0,9,3,6,3,0,0,0,0,11,3,11,3
SC2,03/08/2024,Cove Rangers,Annan Athletic,1,3,A,0,0,D,2.1,3.64,3.06,0-0,1-3,9,2,8,4,2,1,1,0,4,8,9,6
SC2,03/08/2024,Inverness C,Dumbarton,1,1,D,1,0,H,1.72,3.76,4.3,1-0,1-1,11,5,7,3,2,1,0,1,7,7,9,17
SC2,03/08/2024,Montrose,Kelty Hearts,1,1,D,0,0,D,1.79,3.8,3.87,0-0,1-1,10,4,14,4,2,1,0,0,12,4,9,10
SC2,03/08/2024,Stenhousemuir,Arbroath,2,1,H,0,0,D,2.77,3.71,2.24,0-0,2-1,9,5,8,1,3,1,0,0,12,8,7,12
SC2,10/08/2024,Annan Athletic,Inverness C,1,0,H,0,0,D,2.48,3.31,2.68,0-0,1-0,5,2,5,1,2,1,0,0,6,6,13,9
SC2,10/08/2024,Arbroath,Montrose,0,0,D,0,0,D,2.26,3.44,2.9,0-0,0-0,11,5,2,2,1,2,0,1,3,2,10,13
SC2,10/08/2024,Dumbarton,Alloa,3,3,D,1,2,A,2.62,3.33,2.53,1-2,3-3,9,3,11,9,3,3,0,0,10,2,12,10
SC2,10/08/2024,Kelty Hearts,Stenhousemuir,2,0,H,1,0,H,2.31,3.31,2.9,1-0,2-0,11,7,13,2,2,0,0,0,6,8,14,8
SC2,10/08/2024,Queen of Sth,Cove Rangers,2,1,H,0,0,D,2.06,3.41,3.27,0-0,2-1,10,6,13,7,3,1,0,0,2,7,6,4
SC2,17/08/2024,Alloa,Stenhousemuir,1,0,H,0,0,D,1.71,3.78,4.32,0-0,1-0,12,8,10,4,3,3,0,0,7,4,13,13
SC2,17/08/2024,Arbroath,Kelty Hearts,0,3,A,0,0,D,2.17,3.47,3.04,0-0,0-3,10,5,15,7,1,2,0,0,3,7,8,11
SC2,17/08/2024,Cove Rangers,Dumbarton,1,1,D,0,0,D,2.51,3.49,2.54,0-0,1-1,12,6,12,5,2,1,0,0,6,4,7,11
SC2,17/08/2024,Inverness C,Montrose,1,1,D,0,1,A,2.16,3.3,3.21,0-1,1-1,17,7,2,1,2,4,0,1,7,4,10,11
SC2,17/08/2024,Queen of Sth,Annan Athletic,2,0,H,1,0,H,2.16,3.37,3.15,1-0,2-0,9,5,7,2,3,5,0,0,4,10,9,7
SC2,24/08/2024,Annan Athletic,Alloa,0,1,A,0,1,A,2.82,3.4,2.29,0-1,0-1,12,2,7,5,3,3,0,0,4,6,7,10
SC2,24/08/2024,Dumbarton,Arbroath,2,2,D,0,1,A,,,,0-1,2-2,15,7,10,5,1,3,0,0,14,11,8,10
SC2,24/08/2024,Kelty Hearts,Inverness C,0,0,D,0,0,D,2.53,3.27,2.65,0-0,0-0,6,3,6,1,3,3,0,0,5,3,6,14
SC2,24/08/2024,Stenhousemuir,Cove Rangers,3,2,H,1,1,D,2.53,3.4,2.57,1-1,3-2,8,4,5,2,2,1,0,0,6,5,7,13
SC2,24/08/2024,Montrose,Queen of Sth,1,0,H,1,0,H,2.17,3.27,3.22,1-0,1-0,6,1,10,2,1,2,0,1,7,4,10,16
SC3,03/08/2024,Bonnyrigg Rose,Peterhead,0,1,A,0,0,D,3.03,3.29,2.25,0-0,0-1,8,1,6,4,2,1,1,0,6,5,15,10
SC3,03/08/2024,Edinburgh City,Stirling,1,2,A,0,0,D,6.78,5,1.37,0-0,1-2,9,4,17,6,0,3,0,0,2,5,9,19
SC3,03/08/2024,Elgin,East Fife,4,2,H,2,0,H,3.3,3.16,2.18,2-0,4-2,16,10,6,3,3,2,0,0,6,6,12,9
SC3,03/08/2024,Forfar,Clyde,0,0,D,0,0,D,2.99,3.19,2.33,0-0,0-0,8,3,8,4,1,1,0,0,8,7,8,13
SC3,03/08/2024,Stranraer,Spartans,2,2,D,2,0,H,2.95,3.06,2.42,2-0,2-2,6,2,4,2,2,1,0,0,5,4,10,7
SC3,10/08/2024,Clyde,Stranraer,1,0,H,0,0,D,1.5,4.36,5.51,0-0,1-0,15,8,8,4,0,1,0,0,9,6,7,12
SC3,10/08/2024,East Fife,Edinburgh City,2,0,H,0,0,D,1.33,4.94,7.99,0-0,2-0,10,5,1,1,3,1,0,0,13,1,9,6
SC3,10/08/2024,Peterhead,Forfar,2,1,H,1,0,H,2.03,3.36,3.46,1-0,2-1,6,5,7,2,1,4,0,0,4,4,16,15
SC3,10/08/2024,Spartans,Bonnyrigg Rose,2,0,H,0,0,D,1.55,4.31,4.85,0-0,2-0,7,2,9,4,3,2,0,0,1,6,12,14
SC3,10/08/2024,Stirling,Elgin,0,1,A,0,1,A,1.76,3.86,3.97,0-1,0-1,10,4,11,5,0,0,0,0,9,3,6,9
SC3,17/08/2024,Clyde,Stirling,0,2,A,0,1,A,1.71,3.7,4.43,0-1,0-2,15,9,5,4,0,4,0,0,8,4,4,14
SC3,17/08/2024,East Fife,Forfar,2,1,H,1,0,H,1.88,3.48,3.85,1-0,2-1,5,3,2,1,1,5,0,0,0,4,6,16
SC3,17/08/2024,Edinburgh City,Bonnyrigg Rose,2,2,D,1,1,D,5.84,4.19,1.5,1-1,2-2,10,3,12,6,4,4,0,1,5,11,9,13
SC3,17/08/2024,Peterhead,Stranraer,1,0,H,1,0,H,1.74,3.58,4.45,1-0,1-0,6,3,5,2,1,3,0,0,6,6,8,13
SC3,24/08/2024,Bonnyrigg Rose,Clyde,2,1,H,0,1,A,3.53,3.33,1.92,0-1,2-1,11,5,11,5,4,2,0,1,5,3,10,9
SC3,24/08/2024,Forfar,Edinburgh City,0,3,A,0,2,A,1.38,4.83,6.87,0-2,0-3,9,3,9,5,2,3,0,0,6,1,20,12
SC3,24/08/2024,Spartans,Peterhead,0,0,D,0,0,D,2.28,3.22,3.04,0-0,0-0,7,2,5,0,0,0,0,0,1,3,6,12
SC3,24/08/2024,Stirling,East Fife,0,4,A,0,2,A,2.35,3.32,2.84,0-2,0-4,6,2,12,7,3,2,0,0,0,4,9,7
SC3,24/08/2024,Stranraer,Elgin,1,1,D,0,0,D,2.35,3.41,2.79,0-0,1-1,7,2,12,4,1,1,0,0,5,2,11,14
